MatchID,TeamName,IsHomeTeam,IsAwayTeam,Goals,Ball Possession,Total Attempts,Attempts on target,Attempts off target,Attempts against woodwork,Attempts Accuracy,Corners,Offsides,Saves,Tackles won,Clearances,Recovered balls,Fouls committed,Yellow.Cards,Red.Cards,Passes completed,Passes accuracy,Distance covered (m),Distance covered in possession (m),Top Speed (Km/h),Own-goals,Goals scored,Goals_conceded,Own-goals for,Goals scored by right foot,Goals scored by left foot,Goals scored by head,Goals scored by backheel,Goals scored by other part of body,Goals scored in open play,Goals scored on direct free-kcik,Goals scored on indirect free-kcik,Goals scored on penalty ,Goals on corner ,Goals scored in penalty area,Goals scored outside penalty area,Goals on penalty phase,Goals in open play from centre,Goals in open play from left,Goals in open play from right,Attempts blocked,Attempts on bar,Attempts on post,Woodwork (after deflection),Attempts on direct free kick,Attempts on indirect free kick,Attempts from corner,Attempts on target in penalty area,Attempts on target outside penalty area,Attempts off target in penalty area,Attempts off target outside penalty area,Attempts in open play from centre,Attempts in open play from left,Attempts in open play from right,Free kicks on goal ,Instance of possession ,Ball not in play,Crosses attempted,Crosses short,Crosses medium,Crosses long,Crosses completed,Crosses completed short,Crosses completed medium,Crosses completed long,Corners short,Corners medium,Corners long,Corners completed,Corners completed short,Corners completed medium,Corners completed long,Dribbling,Passes attempted,Passes attempted short,Passes attempted medium,Passes attempted long,Passes completed short,Passes completed medium,Passes completed long,Passes received,Passes received short,Passes received medium,Passes received long,Passes accuracy short,Passes accuracy medium,Passes accuracy long,Passes completed forward,Passes completed backward,Passes completed left,Passes completed right,Passes per instance of possession ,Delivery into attacking third,Delivery into key play area,Delivery into penalty area,Delivery into goal area,Solo run into attacking third,Solo run into key play area,Solo run into penalty area,Total Attacks,Attacks from centre,Attacks from right,Attacks from left,Organized attack,Counter attack,Clearances successful,Clearances unsuccesful,Tackles,Tackles lost,Tackles performed gaining the ball,Tackles performed not gaining the ball,Tackles suffered,Tackles suffered losing the ball,Tackles suffered not losing the ball,Lost balls,Lost balls own half,Lost balls opposite half,Change of possession,Blocks,Throw-in,Goals conceded from open play ,Goals conceded from set pieces,Goals conceded in penalty area,Goals conceded outside penalty area,Saves in open play,Saves on set pieces,Saves on direct free kick,Saves on indirect free kick,Saves on penalty,Saves on corner,Saves in open play from centre,Saves in open play from left,Saves in open play from right,Punches,High Claims,Low Claims,Goalkeeper kicks attempted,Goalkeeper kicks short,Goalkeeper kicks medium,Goalkeeper kicks long,Goalkeeper kicks completed,Goalkeeper kicks completed short,Goalkeeper kicks completed medium,Goalkeeper kicks completed long,Goalkeeper kicks completed %,Played Time,Fouls suffered,Fouls committed own half,Fouls committed opposite half,Fouls suffered own half,Fouls suffered opposite half,Penalty fouls,Handball,Simulation,Offsides suffered,Distance covered in low activity (m),Distance covered in medium activity (m),Distance covered in high activity (m),Distance covered in very high activity (m),Distance covered in low activity (%),Distance covered in medium activity (%),Distance covered in high activity (%),Distance covered in very high activity (%),Average distance covered,Average distance covered in low activity ,Average distance covered in medium activity ,Average distance covered in high activity ,Average distance covered in very high activity covered,Time spent in low activity (%),Time spent in medium activity (%),Time spent in high activity (%),Time spent in very high activity (%),Time spent in low activity,Time spent in medium activity,Time spent in high activity,Time spent in very high activity,Sprints,Assists,Distance covered (Km),Distance covered in possession (Km),Matches played,Goals on set pieces,Attempts blocked outside penalty area,Distance covered not in possession (m),Distance covered not in possession (Km),Attempts set pieces,Attempts in open play,Attempts on throw in,Saves on attempts inside penalty area,Saves on attempts outside penalty area,Team average speed,Big Chances
2024442,Austria,TRUE,FALSE,3,60,11,7,2,0,64,4,1,1,7,7,51,13,1,0,484,81,110173,46945,32.4,0,3,1,0,3,0,0,0,0,3,0,0,0,0,3,0,0,0,2,1,2,0,0,0,0,0,0,6,1,1,1,11,0,0,0,204,03:39.3,15,0,8,7,6,0,4,2,0,2,2,1,0,1,0,3,595,142,377,76,107,330,47,484,107,330,47,0.754,0.875,0.618,112,97,139,136,2.917,54,31,18,1,16,8,0,47,13,13,21,30,1,5,2,11,4,5,6,6,1,5,73,32,41,186,2,34,1,0,1,0,1,0,0,0,0,0,1,1,1,0,1,0,5,0,1,4,3,0,1,2,60,36:17.7,16,4,9,13,3,0,0,0,0,61860,19817,20458,8038,56,18,19,7,10465,5695,1946,2022,802,82,9,7,2,12:11.6,35:35.0,15:02.0,20:44.0,358,3,110.17,46.94,1,0,2,33790,33.79,0,11,0,1,0,6.7,1
2024442,North Macedonia,FALSE,TRUE,1,40,7,2,3,0,29,0,0,4,4,15,37,16,2,0,254,72,106114,30300,30.8,0,1,3,0,0,1,0,0,0,1,0,0,0,0,1,0,0,1,0,0,2,0,0,0,0,0,0,2,0,1,2,4,1,2,0,198,14:33.9,4,0,2,2,0,0,0,0,0,0,0,0,0,0,0,8,353,117,174,62,78,144,32,255,78,144,32,0.667,0.828,0.516,76,44,65,69,1.783,23,9,2,0,7,3,0,21,3,4,14,9,0,13,2,10,6,1,4,10,5,5,86,43,42,180,2,35,3,0,3,0,4,0,0,0,0,0,6,0,0,6,3,0,7,0,0,7,4,0,0,4,57,36:17.7,13,3,13,9,4,0,0,0,1,61234,18320,19647,6913,58,16,19,7,10196,5771,1803,1934,688,83,8,7,2,27:11.1,1:28:38,12:05.0,17:57.8,297,0,106.11,30.3,1,0,0,46815,46.81,0,7,0,3,1,6.5,0
2024486,Belgium,TRUE,FALSE,1,46,10,3,2,0,30,9,1,2,6,18,34,16,1,0,390,84,106080,34869,32,0,1,2,0,0,1,0,0,0,0,0,0,1,0,1,0,0,0,0,0,5,0,0,0,0,0,0,3,0,1,1,7,1,1,0,178,12:54.3,16,2,9,5,1,0,0,0,2,5,2,3,2,1,0,21,464,88,320,56,72,284,34,390,72,284,34,0.818,0.888,0.607,84,61,103,142,2.607,29,13,5,1,11,9,8,36,8,13,15,28,1,16,2,15,9,7,6,13,3,10,69,47,21,160,4,24,2,0,1,1,2,0,0,0,0,0,2,2,1,1,0,1,6,5,1,0,6,5,1,0,100,39:24.0,13,7,9,11,2,0,0,0,2,59528,17825,20610,8117,56,17,19,8,10187,5586,1755,2040,806,83,8,7,2,58:22.8,26:03.9,15:39.2,21:04.9,350,0,106.08,34.86,1,1,3,43649,43.64,1,9,0,0,1,6.1,1
2024486,Italy,FALSE,TRUE,2,54,14,3,7,0,21,5,2,2,2,19,45,13,2,0,492,90,112595,41675,32.8,0,2,1,0,2,0,0,0,0,2,0,0,0,0,1,1,0,1,1,0,4,0,0,0,0,0,0,1,2,4,3,8,4,2,0,177,08:10.0,9,0,5,4,3,0,2,0,0,3,2,1,0,1,0,12,549,173,312,64,157,287,48,492,157,287,48,0.908,0.92,0.75,118,88,137,149,3.102,43,30,16,0,26,22,12,53,8,13,32,37,0,17,2,14,12,3,11,13,7,6,67,34,31,159,5,19,0,1,1,0,2,0,0,0,0,0,5,1,1,0,1,3,3,0,1,1,1,0,1,0,33,39:24.0,16,2,11,9,7,1,0,0,1,61025,19243,22700,9627,54,17,20,9,10780,5682,1898,2245,955,81,9,8,2,32:30.6,32:33.7,22:51.7,24:55.8,415,1,112.59,41.67,1,0,0,40761,40.76,0,14,0,2,0,6.5,0
2024479,Belgium,TRUE,FALSE,1,44,6,1,4,0,17,0,1,5,7,24,44,14,2,0,406,84,107620,37799,32.6,0,1,0,0,1,0,0,0,0,1,0,0,0,0,0,1,0,0,1,0,1,0,0,0,1,0,0,0,1,0,4,3,2,0,0,171,08:39.9,5,0,3,2,1,0,0,1,0,0,0,0,0,0,0,14,482,126,289,67,106,257,43,406,106,257,43,0.841,0.889,0.642,99,65,123,119,2.819,29,13,1,0,11,11,2,17,1,6,10,17,3,9,15,17,10,7,5,14,10,4,75,38,37,158,5,22,0,0,0,0,4,1,1,0,0,0,6,1,1,0,4,3,13,2,7,3,10,2,7,1,77,38:06.8,8,8,6,4,4,0,1,0,3,62443,18271,19033,7873,58,17,18,7,10329,5853,1807,1889,780,83,8,7,2,41:01.7,28:14.4,09:45.2,20:14.9,332,1,107.62,37.79,1,0,0,49219,49.21,1,5,0,4,1,6.8,0
2024479,Portugal,FALSE,TRUE,0,56,24,5,14,1,21,3,3,0,11,6,51,9,3,0,559,88,107145,44734,30.8,0,0,1,0,0,0,0,0,0,0,0,0,0,0,0,0,0,0,0,0,5,0,1,1,2,0,0,4,1,4,10,18,3,1,1,174,01:01.6,21,1,7,13,5,0,0,5,1,0,2,2,1,0,1,17,637,164,392,81,149,357,53,559,149,357,53,0.909,0.911,0.654,115,93,178,173,3.661,43,44,16,1,27,16,7,61,16,24,21,34,1,3,3,19,8,10,4,12,7,5,66,22,43,158,1,22,1,0,0,1,0,0,0,0,0,0,0,1,0,0,2,1,5,2,2,1,5,2,2,1,100,38:06.8,13,4,5,6,7,0,0,0,1,63084,16996,19417,7648,59,16,18,7,10314,5958,1670,1922,764,84,7,7,2,52:28.2,1:22:08,11:15.0,19:53.5,341,0,107.14,44.73,1,0,3,41003,41,2,22,0,0,0,6.5,0
2024450,Belgium,TRUE,FALSE,3,62,9,4,3,0,44,2,0,1,1,18,37,9,0,0,647,90,110994,50801,30.2,0,3,0,0,1,2,0,0,0,3,0,0,0,0,3,0,0,1,1,1,2,0,0,0,0,0,0,4,0,2,1,7,0,2,0,182,58:35.4,7,0,5,2,0,0,0,0,0,0,2,0,0,0,0,8,722,140,522,60,114,485,48,647,114,485,48,0.814,0.929,0.8,119,112,214,202,3.967,35,18,1,0,12,15,5,36,6,16,14,26,0,15,3,4,3,0,1,13,7,6,77,33,44,166,1,35,0,0,0,0,1,0,0,0,0,0,1,1,0,0,0,1,7,0,6,1,7,0,6,1,100,36:01.0,10,7,2,8,2,0,1,0,4,60757,20932,21641,7664,55,18,20,7,10631,5657,2058,2151,765,81,9,8,2,03:45.8,41:18.8,19:37.3,19:57.4,344,2,110.99,50.8,1,0,2,36565,36.56,0,9,0,1,0,6.8,0
2024450,Russia,FALSE,TRUE,0,38,5,1,3,0,20,4,4,1,8,15,47,11,0,0,293,77,115118,33786,30.4,0,0,3,0,0,0,0,0,0,0,0,0,0,0,0,0,0,0,0,0,1,0,0,0,1,0,0,1,0,1,2,3,1,0,0,182,13:01.7,14,2,7,5,3,0,1,2,0,1,3,1,0,0,1,6,380,70,234,76,52,201,40,293,52,201,40,0.743,0.859,0.526,66,60,82,85,2.088,28,21,3,0,4,0,2,30,5,14,11,13,1,11,4,16,8,7,6,1,0,1,71,38,33,169,2,26,3,0,3,0,1,0,0,0,0,0,2,0,1,2,0,2,6,1,1,4,5,1,1,3,83,36:01.0,8,2,9,2,6,0,1,0,0,62507,21284,23372,7955,54,19,20,7,11043,5820,2107,2323,793,80,10,8,2,55:42.3,42:58.9,25:55.2,20:49.1,365,0,115.11,33.78,1,0,0,58140,58.13,1,4,0,1,0,7,0
2024462,Croatia,TRUE,FALSE,1,50,11,2,6,0,18,4,1,0,3,17,39,7,1,0,364,82,101193,37637,31,0,1,1,0,1,0,0,0,0,1,0,0,0,0,1,0,0,0,1,0,3,0,0,0,1,0,0,2,0,2,4,9,1,0,0,194,07:51.2,18,2,9,7,3,0,0,2,1,1,2,3,1,1,1,10,443,90,287,66,71,253,40,364,71,253,40,0.789,0.882,0.606,90,66,105,103,2.284,27,10,9,1,11,9,6,35,5,10,20,24,0,10,7,9,6,5,4,13,5,8,74,41,31,178,3,30,0,1,1,0,0,0,0,0,0,0,3,0,0,0,1,1,10,1,6,3,8,1,6,1,80,36:40.3,12,4,3,6,6,1,0,0,2,56073,16580,19740,8800,55,16,20,9,9813,5325,1642,1967,879,82,9,7,2,33:00.4,18:56.3,11:18.5,22:23.5,371,1,101.19,37.63,1,0,1,41289,41.28,1,10,0,0,0,6.2,1
2024462,Czech Republic,FALSE,TRUE,1,50,11,1,7,0,9,4,2,1,3,23,43,12,3,0,371,81,113982,43743,31.7,0,1,1,0,0,1,0,0,0,0,0,0,1,0,1,0,0,0,0,0,3,0,0,0,1,0,0,1,0,5,2,8,1,0,0,188,07:37.2,20,1,12,7,7,0,3,3,0,2,2,3,0,2,1,6,458,119,274,65,98,233,40,371,98,233,40,0.824,0.85,0.615,102,73,98,98,2.436,28,12,9,3,12,12,8,39,8,14,17,20,2,17,6,13,10,5,8,9,5,4,71,33,36,178,3,30,1,0,1,0,1,0,0,0,0,0,4,0,0,0,3,1,8,0,2,6,4,0,2,2,50,36:40.3,7,6,6,3,4,0,0,0,1,58053,20892,24674,10363,51,18,22,9,10924,5373,2061,2454,1036,78,10,9,3,02:07.7,39:17.8,28:45.8,26:25.8,422,0,113.98,43.74,1,1,1,45595,45.59,2,9,0,1,0,6.9,1
2024472,Croatia,TRUE,FALSE,3,64,11,7,2,0,64,5,4,4,9,20,33,10,1,0,590,90,104729,47307,33.3,0,3,1,0,1,1,1,0,0,3,0,0,0,0,2,1,0,0,2,1,2,0,0,0,0,0,0,3,4,1,1,6,3,2,0,170,59:58.2,11,2,2,7,3,0,1,2,1,2,2,3,1,2,0,13,652,197,391,64,178,362,50,590,178,362,50,0.904,0.926,0.781,130,110,178,172,3.835,30,25,6,0,21,10,8,40,5,10,25,29,2,19,1,13,4,4,8,9,1,8,62,36,25,159,2,27,1,0,0,1,4,0,0,0,0,0,5,0,0,3,0,3,7,2,3,2,6,2,3,1,86,36:54.8,7,5,5,6,1,0,1,0,1,60208,16089,19538,8894,57,16,19,8,10137,5708,1596,1946,887,84,7,7,2,29:41.3,17:32.0,11:08.2,22:46.3,385,3,104.72,47.3,1,0,2,32713,32.71,0,11,0,3,0,6.4,0
2024472,Scotland,FALSE,TRUE,1,36,12,4,6,0,33,7,1,4,3,16,37,8,1,0,256,81,107934,31509,32,0,1,3,0,1,0,0,0,0,1,0,0,0,0,0,1,0,1,0,0,2,0,0,0,0,0,0,3,1,3,3,12,0,0,0,169,15:45.6,25,1,9,15,7,0,1,6,0,2,5,2,0,0,2,5,318,50,189,79,41,166,49,256,41,166,49,0.82,0.878,0.62,62,54,80,60,1.882,30,19,9,3,9,8,0,32,8,11,13,15,1,15,1,10,7,1,8,12,4,8,66,32,32,151,2,20,3,0,2,1,4,0,0,0,0,0,3,2,1,0,0,2,4,0,0,4,1,0,0,1,25,36:54.8,9,2,6,5,4,0,1,0,4,59192,18237,21397,9108,55,17,20,8,10362,5551,1788,2117,906,82,9,7,2,18:40.9,28:10.0,18:13.6,23:35.3,401,0,107.93,31.5,1,0,1,51746,51.74,0,12,0,1,3,6.4,0
2024482,Croatia,TRUE,FALSE,3,36,12,6,5,0,50,1,6,5,4,34,53,26,2,0,380,84,128623,37419,30.8,0,2,5,1,1,0,1,0,0,2,0,0,0,0,2,0,0,0,1,0,1,0,0,0,0,0,0,4,2,4,1,11,1,0,0,232,39:56.0,9,3,3,3,1,0,0,1,1,0,0,1,1,0,0,17,452,130,254,68,108,228,44,380,108,228,44,0.831,0.898,0.647,117,72,87,104,1.948,27,15,5,0,15,8,3,31,9,4,18,23,2,30,4,23,19,3,20,17,6,11,81,41,38,212,4,29,5,0,5,0,5,0,0,0,0,0,5,3,1,0,3,5,7,0,2,5,6,0,2,4,86,09:16.4,10,12,14,6,4,0,1,0,3,72188,20320,24845,11270,56,16,19,9,12455,6845,2016,2471,1123,83,8,7,2,50:55.0,37:11.9,29:57.0,28:50.6,493,1,128.62,37.41,1,0,0,65067,65.06,0,12,0,5,0,6,2
2024482,Spain,FALSE,TRUE,5,64,23,10,9,1,43,8,3,4,8,17,51,10,0,0,822,91,146211,68121,32,1,5,3,0,0,4,1,0,0,5,0,0,0,0,5,0,0,0,1,3,4,0,1,1,0,0,0,10,0,4,5,16,5,2,0,239,17:39.6,29,4,14,11,10,0,3,6,0,5,3,3,0,2,1,17,905,228,582,94,211,539,72,822,211,539,72,0.925,0.926,0.766,168,169,237,248,3.787,71,39,16,1,16,15,11,62,13,35,14,38,1,12,5,19,11,6,12,24,3,21,83,28,51,203,1,21,3,0,3,0,4,0,0,0,0,0,4,1,0,0,1,6,4,0,1,3,3,0,1,2,75,09:16.4,25,4,6,14,11,0,0,0,6,80103,24499,29098,12511,55,16,20,9,13928,7403,2405,2882,1238,81,9,8,2,18:25:47,1:57:08,1:45:24,31:56.4,527,5,146.21,68.12,1,0,1,47406,47.4,0,23,0,2,2,6.6,1
2024488,Czech Republic,TRUE,FALSE,1,53,16,5,6,0,31,9,3,5,1,13,37,9,2,0,380,78,114538,43462,30.8,0,1,2,0,1,0,0,0,0,1,0,0,0,0,1,0,0,0,0,1,5,0,0,0,0,0,0,3,2,5,1,14,1,1,0,200,09:49.0,24,3,5,16,6,0,1,5,2,3,4,6,2,2,2,14,490,110,294,86,79,252,49,380,79,252,49,0.718,0.857,0.57,95,52,117,116,2.45,39,18,15,1,13,13,5,47,5,23,19,24,0,12,1,9,8,0,6,16,4,12,71,31,38,187,2,20,2,0,2,0,5,0,0,0,0,0,7,0,0,0,0,2,3,0,1,2,1,0,1,0,33,39:26.7,9,3,6,4,5,0,1,0,0,62566,20056,23326,8590,55,17,20,8,11017,5855,1982,2321,859,81,9,8,2,34:12.3,36:48.4,25:40.3,22:25.7,373,1,114.53,43.46,1,0,1,40826,40.82,0,16,0,4,1,6.7,0
2024488,Denmark,FALSE,TRUE,2,47,13,7,4,0,54,7,0,4,10,23,38,10,0,0,293,76,107918,36326,31,0,2,1,0,1,0,1,0,0,2,0,0,0,0,2,0,0,0,1,1,2,0,0,0,0,0,0,6,1,3,1,11,1,1,0,206,12:55.6,14,2,6,6,3,0,1,2,0,2,5,2,0,0,2,11,385,97,218,70,70,180,43,293,70,180,43,0.722,0.826,0.614,87,48,78,80,1.869,32,26,7,0,8,4,6,32,8,14,10,16,5,18,5,18,8,5,13,5,0,5,66,36,29,192,5,29,1,0,1,0,4,0,0,0,0,0,8,0,1,1,3,0,12,0,1,11,7,0,1,6,58,39:26.7,7,6,4,5,2,0,1,0,3,63822,17425,18661,8010,59,17,17,7,10397,6030,1713,1853,801,84,8,6,2,03:10.1,24:20.8,1:08:08,20:46.9,353,2,107.91,36.32,1,0,1,41875,41.87,0,13,0,2,2,6.5,2
2024471,Czech Republic,TRUE,FALSE,0,43,7,1,4,0,14,4,2,2,7,21,38,10,1,0,339,80,114869,37794,33.1,0,0,1,0,0,0,0,0,0,0,0,0,0,0,0,0,0,0,0,0,2,0,0,0,0,0,0,0,1,3,1,6,0,1,0,182,08:15.5,16,4,6,6,2,0,1,1,0,3,1,2,0,1,1,4,424,115,255,54,94,216,29,339,94,216,29,0.817,0.847,0.537,83,58,100,98,2.33,22,14,3,1,10,5,5,31,4,15,12,18,0,20,1,11,4,5,5,6,3,3,67,32,33,164,0,21,1,0,1,0,2,0,0,0,0,0,0,1,0,0,1,0,2,0,0,2,2,0,0,2,100,33:16.8,10,5,5,5,5,0,0,0,5,58773,21524,25273,9299,51,19,22,8,11055,5481,2128,2516,930,78,11,9,2,13:40.4,43:49.9,32:21.5,24:17.3,405,0,114.86,37.79,1,0,1,51838,51.83,0,7,0,1,0,7.3,0
2024471,England,FALSE,TRUE,1,57,5,2,3,1,40,6,5,2,5,24,31,11,0,0,454,85,108545,45645,32.8,0,1,0,0,0,0,1,0,0,1,0,0,0,0,1,0,0,0,0,1,0,0,1,1,0,0,0,2,0,2,1,2,2,1,0,180,00:05.3,20,3,11,6,4,0,2,2,0,2,4,2,0,0,2,17,533,113,353,67,89,323,42,454,89,323,42,0.788,0.915,0.627,99,97,137,121,2.961,29,13,12,1,15,13,3,31,2,16,13,20,1,21,3,9,4,2,3,9,4,5,62,35,27,167,2,28,0,0,0,0,2,0,0,0,0,0,2,0,1,1,0,3,8,0,3,5,7,0,3,4,88,33:16.8,10,5,6,5,5,0,1,0,2,60108,18578,21346,8513,55,17,20,8,10369,5581,1827,2111,850,81,9,8,2,42:41.4,29:48.1,18:07.8,21:56.4,359,1,108.54,45.64,1,0,0,37384,37.38,0,5,0,0,1,6.8,0
2024459,Denmark,TRUE,FALSE,1,47,22,6,7,1,27,2,2,2,5,9,59,8,3,0,441,86,109798,38283,33.3,0,1,2,0,1,0,0,0,0,1,0,0,0,0,1,0,0,1,0,0,9,1,0,1,1,0,0,5,1,4,3,15,4,2,0,178,08:10.6,22,2,14,6,8,0,7,1,0,1,1,2,0,1,1,19,510,159,297,54,150,264,27,441,150,264,27,0.943,0.889,0.5,112,80,131,117,2.865,47,25,9,2,8,10,9,52,11,18,23,31,2,8,1,18,13,5,10,18,6,12,78,29,48,160,1,16,2,0,1,1,2,0,0,0,0,0,2,0,1,1,0,0,2,0,0,2,1,0,0,1,50,36:48.0,14,3,5,4,10,0,1,1,2,60438,17890,20796,10674,55,16,19,10,10581,5712,1760,2051,1058,81,9,7,3,44:17.8,1:25:35,15:01.1,27:03.1,444,1,109.79,38.28,1,0,3,48179,48.17,1,21,0,1,1,6.9,1
2024459,Belgium,FALSE,TRUE,2,53,6,4,1,0,67,4,2,5,6,16,40,14,1,0,500,87,109769,43874,31.3,0,2,1,0,0,2,0,0,0,2,0,0,0,0,1,1,0,0,0,2,1,0,0,0,0,0,0,2,2,1,0,5,0,1,0,180,04:34.9,4,0,2,2,0,0,0,0,1,1,2,2,1,1,0,15,576,137,366,74,115,332,54,500,115,332,54,0.839,0.907,0.73,105,82,148,165,3.2,25,12,4,1,9,6,2,25,3,14,8,19,1,13,3,20,14,6,12,15,5,10,78,48,28,168,9,36,1,0,1,0,5,0,0,0,0,0,8,4,1,0,2,3,16,4,5,7,14,4,5,5,88,36:48.0,6,10,4,3,3,0,0,0,2,59524,19458,21865,8922,54,18,20,8,10519,5562,1916,2162,879,81,9,8,2,40:53.5,32:24.0,18:49.8,22:34.5,360,2,109.76,43.87,1,0,1,43333,43.33,0,6,0,4,1,6.7,0
2024449,Denmark,TRUE,FALSE,0,63,23,6,10,0,26,9,0,0,2,7,41,11,0,0,551,83,105354,47968,31.5,0,0,1,0,0,0,0,0,0,0,0,0,0,0,0,0,0,0,0,0,7,0,0,0,0,0,0,4,2,5,5,17,2,3,0,217,01:06.3,30,6,11,13,8,0,3,2,0,3,6,0,0,0,0,10,661,195,401,65,150,361,40,550,150,360,40,0.769,0.9,0.615,125,109,160,157,3.051,58,34,27,0,24,12,4,70,12,23,35,42,3,5,2,8,6,2,3,14,2,12,58,20,38,202,0,19,1,0,1,0,0,0,0,0,0,0,0,0,0,0,0,0,1,0,0,1,1,0,0,1,100,36:08.6,12,2,9,4,8,0,1,0,1,59960,17994,19995,7405,57,17,19,7,10144,5663,1770,1974,737,85,7,6,2,46:06.2,26:45.3,13:14.3,19:18.4,328,0,105.35,47.96,1,0,2,30263,30.26,1,22,0,0,0,6.4,1
2024449,Finland,FALSE,TRUE,1,37,1,1,0,0,100,0,1,6,7,36,30,12,2,0,184,65,101741,27586,31.5,0,1,0,0,0,0,1,0,0,1,0,0,0,0,1,0,0,0,1,0,0,0,0,0,0,0,0,1,0,0,0,1,0,0,0,212,15:59.3,2,1,0,1,0,0,0,0,0,0,0,0,0,0,0,10,284,87,145,52,50,115,19,184,50,115,19,0.575,0.793,0.365,54,33,49,48,1.335,9,4,2,0,5,1,1,8,0,2,6,4,0,22,14,16,9,2,12,5,2,3,68,44,19,200,7,30,0,0,0,0,5,1,0,0,1,0,10,0,2,1,5,1,7,1,0,6,3,1,0,2,43,36:08.6,10,8,4,8,2,1,0,0,0,59397,17760,18298,6286,58,18,18,6,9700,5517,1744,1814,625,85,8,6,1,29:00.0,25:37.0,07:07.1,16:29.4,284,1,101.74,27.58,1,0,0,49012,49.01,0,1,0,4,2,6.3,0
2024451,England,TRUE,FALSE,1,52,8,2,5,1,25,1,2,1,4,13,41,9,1,0,389,85,100013,37039,33.1,0,1,0,0,1,0,0,0,0,1,0,0,0,0,1,0,0,1,0,0,1,0,1,1,2,0,0,1,1,3,2,6,0,0,0,152,05:06.1,7,2,3,2,2,0,2,0,0,0,1,0,0,0,0,2,457,101,298,58,81,281,27,389,81,281,27,0.802,0.943,0.466,87,78,116,108,3.007,26,13,9,2,8,5,3,32,9,10,13,18,0,12,1,8,4,3,5,8,0,8,56,31,24,139,2,22,0,0,0,0,1,0,0,0,0,0,2,0,1,0,2,4,8,0,3,5,4,0,3,1,50,34:36.5,9,2,7,4,5,0,1,0,2,61861,15646,16439,6067,62,16,16,6,9467,5733,1525,1606,603,85,7,6,2,31:55.2,15:45.9,00:16.4,15:36.6,275,1,100.01,37.03,1,0,1,37631,37.63,2,6,0,0,1,6.3,1
2024451,Croatia,FALSE,TRUE,0,48,8,1,5,0,12,1,2,1,3,17,28,10,3,0,385,85,96615,34318,32,0,0,1,0,0,0,0,0,0,0,0,0,0,0,0,0,0,0,0,0,2,0,0,0,0,0,0,0,1,4,1,7,0,1,0,152,07:06.0,13,1,6,6,3,0,0,0,0,0,1,0,0,0,0,4,453,123,277,53,102,246,37,385,102,246,37,0.829,0.888,0.698,95,63,116,111,2.98,35,14,9,0,6,7,2,37,4,19,14,23,2,17,0,9,6,0,8,8,3,5,63,24,35,139,1,32,1,0,1,0,1,0,0,0,0,0,1,0,0,0,0,1,10,2,4,4,8,2,4,2,80,34:36.5,8,6,4,6,2,0,1,0,2,59715,15312,15451,6137,62,16,16,6,9315,5682,1501,1520,612,86,6,6,2,36:39.9,14:04.9,56:54.0,15:45.7,286,0,96.61,34.31,1,0,2,38508,38.5,0,8,0,0,1,6,0
2024490,England,TRUE,FALSE,2,58,21,10,8,0,48,6,0,2,7,15,55,10,1,0,670,88,138974,56323,32,0,1,1,1,1,0,0,0,0,1,0,0,0,0,1,0,0,0,0,0,3,0,0,0,1,0,0,8,2,5,3,16,1,2,0,220,25:11.2,25,1,16,8,8,0,2,6,1,3,2,4,1,1,2,32,759,173,495,91,149,459,62,670,149,459,62,0.861,0.927,0.681,153,133,193,191,3.45,62,37,22,0,20,16,12,81,13,41,27,53,3,12,3,11,4,5,3,9,5,4,74,28,44,195,1,30,0,1,0,1,2,0,0,0,0,0,3,0,0,2,1,2,4,0,2,2,2,0,2,0,50,11:18.3,21,4,6,7,14,0,1,0,1,81922,22603,24364,10085,59,16,18,7,13251,7623,2217,2408,1003,84,8,6,2,52:32.7,49:14.4,29:26.8,25:53.8,449,1,138.97,56.32,1,0,1,48050,48.05,2,19,0,0,2,6.3,3
2024490,Denmark,FALSE,TRUE,1,42,6,3,2,0,50,5,1,10,5,32,40,21,1,0,451,83,137158,44165,31.5,1,1,2,0,1,0,0,0,0,0,1,0,0,0,0,1,0,0,0,0,1,0,0,0,1,0,0,0,3,0,2,4,1,0,1,216,37:19.0,12,0,4,8,0,0,0,0,0,0,5,0,0,0,0,17,543,125,345,73,103,310,38,451,103,310,38,0.824,0.899,0.521,120,77,122,132,2.514,33,16,3,0,3,4,2,29,5,12,12,19,1,20,12,17,12,5,4,8,5,3,93,43,46,202,3,30,2,0,2,0,9,1,0,0,1,0,7,1,2,0,2,2,9,1,1,7,8,1,1,6,89,11:18.3,9,14,7,5,4,1,0,0,0,78053,23364,25643,10098,57,17,19,7,13302,7430,2317,2548,1007,83,8,7,2,22:07.4,51:44.8,32:35.8,25:49.2,427,0,137.15,44.16,1,1,0,61201,61.2,1,5,0,8,2,6.2,0
2024484,England,TRUE,FALSE,2,47,5,4,1,0,80,3,2,3,8,25,37,11,3,0,381,85,105714,37342,32.2,0,2,0,0,1,0,1,0,0,2,0,0,0,0,2,0,0,2,0,0,0,0,0,0,0,0,0,3,1,1,0,5,0,0,0,158,07:12.7,13,0,8,5,4,0,1,3,0,2,1,1,0,0,1,11,449,87,292,70,66,271,44,381,66,271,44,0.759,0.928,0.629,84,87,109,101,2.842,31,11,9,1,8,4,1,28,5,14,9,13,0,17,8,12,4,5,7,13,5,8,54,22,29,146,2,22,0,0,0,0,3,0,0,0,0,0,3,0,0,1,1,2,5,1,0,4,2,1,0,1,40,35:37.3,9,3,8,2,7,0,0,0,2,60463,17816,19333,8102,57,17,18,8,10064,5602,1744,1912,806,83,8,7,2,14:24.5,26:06.5,10:51.1,20:54.6,348,2,105.71,37.34,1,0,0,44526,44.52,0,5,0,2,1,6.6,1
2024484,Germany,FALSE,TRUE,0,53,9,3,4,0,33,3,2,2,5,22,32,9,2,0,469,88,105421,42049,30.2,0,0,2,0,0,0,0,0,0,0,0,0,0,0,0,0,0,0,0,0,2,0,0,0,2,0,0,2,1,3,1,7,0,0,0,161,03:26.4,13,1,9,3,3,0,1,2,0,3,0,1,0,1,0,7,536,95,374,67,82,354,33,469,82,354,33,0.863,0.947,0.493,110,72,139,148,3.329,25,20,9,1,9,5,5,26,11,7,8,16,2,19,3,19,14,7,9,12,5,7,62,36,24,145,0,19,2,0,2,0,2,0,0,0,0,0,2,0,0,0,1,1,5,0,5,0,5,0,5,0,100,35:37.3,11,7,2,8,3,0,0,0,2,59661,18483,19990,7287,57,17,19,7,10085,5575,1810,1975,725,82,9,7,2,14:10.5,29:22.0,13:29.9,19:01.8,323,0,105.42,42.04,1,0,2,41672,41.67,2,7,0,1,1,6.6,1
2024461,England,TRUE,FALSE,0,60,9,1,6,1,11,6,2,1,6,22,27,13,0,0,519,91,104370,44978,31.5,0,0,0,0,0,0,0,0,0,0,0,0,0,0,0,0,0,0,0,0,2,0,1,1,0,0,0,0,1,6,0,6,3,0,0,152,57:41.7,14,3,8,3,4,0,2,2,0,5,1,2,0,2,0,14,570,127,381,62,109,363,47,519,109,363,47,0.858,0.953,0.758,107,91,165,156,3.75,35,32,11,0,20,12,11,39,6,12,21,29,4,16,6,9,3,5,1,7,4,3,58,28,29,137,7,19,0,0,0,0,1,0,0,0,0,0,7,0,1,2,0,6,7,3,2,2,5,3,2,0,71,32:10.3,13,4,9,6,7,0,3,0,0,58687,17520,20346,7817,56,17,20,7,9960,5453,1720,2013,774,82,9,7,2,44:57.1,24:42.5,14:36.3,0:20:16,347,0,104.37,44.97,1,0,1,35497,35.49,0,9,0,1,0,6.6,1
2024461,Scotland,FALSE,TRUE,0,40,11,1,3,0,9,5,0,1,5,20,33,14,2,0,312,81,105151,32559,31.3,0,0,0,0,0,0,0,0,0,0,0,0,0,0,0,0,0,0,0,0,7,0,0,0,0,0,0,1,0,2,1,10,0,1,0,148,08:53.1,13,2,4,7,3,0,1,2,0,1,4,2,0,1,1,7,383,84,237,62,68,208,36,312,68,208,36,0.81,0.878,0.581,67,57,87,101,2.588,24,18,11,0,14,9,0,28,4,13,11,16,1,16,4,13,8,4,3,6,5,1,50,27,23,133,2,20,0,0,0,0,1,0,0,0,0,0,2,1,0,0,1,2,10,1,0,9,4,1,0,3,40,32:10.3,10,7,7,6,4,0,1,0,2,60047,18268,19133,7703,57,18,18,7,10086,5623,1796,1898,769,82,9,7,2,42:09.3,28:21.2,10:23.1,19:49.0,347,0,105.15,32.55,1,0,3,48591,48.59,0,11,0,0,1,6.7,1
2024470,Finland,TRUE,FALSE,0,42,7,1,1,0,14,0,0,6,2,36,45,6,0,0,382,84,104798,36273,33.3,1,0,2,0,0,0,0,0,0,0,0,0,0,0,0,0,0,0,0,0,5,0,0,0,0,0,0,0,1,0,1,4,2,1,0,160,05:51.1,6,0,4,2,3,0,1,0,0,0,0,0,0,0,0,9,454,105,288,61,92,261,29,382,92,261,29,0.876,0.906,0.475,83,60,133,106,2.838,18,15,8,0,9,6,2,23,4,7,12,14,4,25,11,13,11,2,8,4,1,3,69,43,26,145,3,15,2,0,2,0,6,0,0,0,0,0,6,3,0,0,2,1,7,1,1,5,4,1,1,2,57,34:52.0,10,0,6,8,2,0,0,0,2,65790,16886,15975,6147,63,16,15,6,10032,6173,1661,1583,615,85,7,6,2,07:17.4,19:35.6,56:48.4,15:28.3,246,0,104.79,36.27,1,0,1,53263,53.26,0,7,0,5,1,5.6,0
2024470,Belgium,FALSE,TRUE,2,58,17,7,7,1,41,5,2,1,2,10,42,10,0,0,632,90,104735,49889,31.7,0,1,0,1,1,0,0,0,0,1,0,0,0,0,1,0,0,1,0,0,3,0,1,1,0,0,0,6,1,3,4,13,3,1,0,161,54:38.1,18,3,12,3,2,0,2,0,0,2,3,2,0,1,1,14,705,191,458,56,165,419,48,632,165,419,48,0.864,0.915,0.857,127,103,201,201,4.379,73,40,21,0,24,24,11,73,4,27,42,57,2,6,4,4,2,1,3,10,2,8,60,16,43,154,5,22,0,0,0,0,1,0,0,0,0,0,3,2,1,0,0,0,1,0,1,0,1,0,1,0,100,34:52.0,6,2,8,6,0,0,0,0,0,64018,16702,17819,6196,61,16,17,6,10130,6078,1658,1776,618,84,8,6,2,00:58.3,18:20.9,03:16.5,15:28.8,251,2,104.73,49.88,1,0,0,39779,39.77,0,17,0,0,1,6,0
2024460,Finland,TRUE,FALSE,0,25,0,0,0,0,0,1,2,0,2,4,3,12,2,0,10,71,111083,36265,32.2,0,0,1,0,0,0,0,0,0,NA,NA,NA,NA,NA,NA,NA,0,NA,NA,NA,0,0,0,0,NA,NA,NA,NA,NA,NA,NA,NA,NA,NA,0,15,05:50.3,0,0,0,0,0,0,0,0,0,0,0,0,0,0,0,2,14,4,9,1,2,8,0,10,2,8,0,0.5,0.889,0,NA,NA,NA,NA,0.933,3,2,3,0,7,3,2,0,0,0,0,0,0,3,1,5,3,2,3,3,1,2,5,20,8,15,1,0,NA,NA,NA,NA,NA,NA,NA,NA,NA,NA,NA,NA,NA,NA,NA,NA,0,0,0,0,0,0,0,0,0,0:07:00,12,4,8,9,3,0,1,0,2,64915,19198,19582,7388,58,17,18,7,NA,NA,NA,NA,NA,84,8,6,2,35:04.9,1:32:56,11:47.0,19:10.6,338,0,111.08,36.26,1,NA,NA,49866,49.86,NA,NA,NA,NA,NA,NA,0
2024460,Russia,FALSE,TRUE,1,75,1,0,0,0,0,4,2,0,1,1,2,12,3,0,54,84,119350,50977,31.7,0,1,0,0,0,1,0,0,0,NA,NA,NA,NA,NA,NA,NA,0,NA,NA,NA,1,0,0,0,NA,NA,NA,NA,NA,NA,NA,NA,NA,NA,0,15,03:25.7,3,0,0,0,1,0,0,0,0,0,0,0,0,0,0,1,64,12,44,8,10,40,4,54,10,40,4,0.833,0.909,0.5,NA,NA,NA,NA,4.267,26,12,14,3,17,11,1,4,1,2,1,1,0,1,0,3,2,1,2,5,2,3,3,7,27,14,0,2,NA,NA,NA,NA,NA,NA,NA,NA,NA,NA,NA,NA,NA,NA,NA,NA,1,0,0,0,1,0,0,0,100,0:07:00,11,3,9,7,4,0,0,0,2,65229,21817,23398,8906,55,18,20,7,NA,NA,NA,NA,NA,81,9,8,2,01:02.5,45:34.1,26:07.4,0:23:06,404,0,119.35,50.97,1,NA,NA,41311,41.31,NA,NA,NA,NA,NA,NA,0
2024456,France,TRUE,FALSE,1,42,4,1,2,1,25,3,4,1,5,29,41,7,0,0,371,85,109024,36415,31.5,0,0,0,1,0,0,0,0,0,0,0,0,0,0,0,0,0,0,0,0,1,0,1,1,0,0,0,1,0,2,0,3,1,0,0,186,12:25.2,6,1,4,1,1,0,0,1,0,2,1,1,0,0,1,17,438,126,254,58,110,226,35,371,110,226,35,0.873,0.89,0.603,95,54,108,114,2.355,21,12,6,0,9,4,5,24,3,9,12,16,1,27,2,15,10,2,9,11,5,6,66,36,29,173,3,28,0,0,0,0,1,0,0,0,0,0,3,0,0,0,3,1,11,0,2,9,8,0,2,6,73,39:07.3,10,7,0,9,1,0,1,0,2,64295,17085,19465,8179,59,15,18,8,10469,6030,1688,1934,817,84,7,7,2,15:04:30,22:38.2,11:09.6,21:07.8,390,1,109.02,36.41,1,0,0,50914,50.91,0,4,0,1,0,6.6,1
2024456,Germany,FALSE,TRUE,0,58,10,1,6,0,10,5,2,1,9,8,46,10,1,0,645,89,113618,49697,30.8,1,0,1,0,0,0,0,0,0,0,0,0,0,0,0,0,0,0,0,0,3,0,0,0,3,0,0,1,0,4,2,7,0,0,0,176,01:33.0,29,3,18,8,7,0,3,4,0,3,2,1,0,0,1,10,725,153,504,68,132,460,53,645,132,460,53,0.863,0.913,0.779,141,115,198,191,4.119,71,45,13,1,30,24,0,59,9,28,22,36,2,8,0,14,5,5,6,11,2,9,70,17,52,163,1,16,1,0,1,0,1,0,0,0,0,0,1,1,0,0,1,0,2,0,2,0,2,0,2,0,100,39:07.3,6,1,9,0,6,0,0,0,4,64835,19887,20886,8010,57,18,18,7,10861,6054,1956,2057,794,82,9,7,2,49:02.6,36:14.6,16:43.3,20:52.8,358,0,113.61,49.69,1,0,1,41675,41.67,3,7,0,1,0,6.5,0
2024481,France,TRUE,FALSE,3,53,26,8,13,1,31,8,1,2,3,16,50,14,3,0,602,88,134009,52295,32.6,0,3,3,0,1,1,1,0,0,3,0,0,0,0,2,1,4,1,0,1,5,1,0,1,1,0,0,5,3,5,8,18,5,2,0,221,29:16.4,23,1,16,6,3,0,1,2,0,6,2,2,0,2,0,31,681,164,459,58,144,415,43,602,144,415,43,0.878,0.904,0.741,144,114,176,168,3.081,55,36,13,0,28,22,13,66,10,20,36,45,4,10,6,11,8,3,1,10,4,6,81,32,49,202,2,26,3,0,3,0,1,1,0,0,1,0,3,0,0,0,2,2,6,3,2,1,6,3,2,1,100,08:32.2,12,8,6,6,6,1,0,0,1,81455,20009,22159,10386,61,14,17,8,12812,7619,1964,2195,1034,85,7,6,2,48:07.4,36:40.3,20:47.1,26:43.1,457,2,134,52.29,1,0,2,44710,44.7,1,25,0,2,0,6,1
2024481,Switzerland,FALSE,TRUE,3,47,13,5,6,0,38,5,1,5,4,32,33,13,4,0,483,86,139379,43080,32.4,0,3,3,0,1,0,2,0,0,3,0,0,0,0,3,0,5,1,1,1,2,0,0,0,1,0,0,5,0,3,3,10,1,0,0,227,33:32.1,15,1,7,6,5,0,2,3,0,3,2,3,0,1,2,18,562,146,354,61,122,321,40,483,122,321,40,0.836,0.907,0.656,129,84,147,123,2.476,40,20,13,1,17,6,8,52,8,17,27,26,4,24,8,17,13,4,6,4,3,1,86,41,44,207,5,43,3,0,2,1,5,0,0,0,0,0,7,2,0,1,0,2,17,4,6,7,14,4,6,4,82,08:32.2,14,7,6,6,8,0,1,0,1,81568,22164,24529,11118,59,15,18,8,13376,7630,2195,2440,1111,84,8,6,2,30:34.4,47:07.3,29:48.1,28:37.8,484,3,139.37,43.08,1,0,2,56969,56.96,2,11,0,4,2,6.3,1
2024475,Germany,TRUE,FALSE,2,70,16,6,6,1,38,6,2,2,7,7,42,8,2,0,681,89,106549,52976,32.2,0,2,2,0,1,0,1,0,0,2,0,0,0,0,2,0,0,0,1,0,4,1,0,1,0,0,0,5,1,6,0,10,1,5,0,175,53:38.9,34,6,13,15,8,0,2,6,3,1,2,5,3,1,1,25,761,159,522,80,127,492,62,681,127,492,62,0.799,0.943,0.775,145,112,205,219,4.349,105,35,15,1,24,12,3,76,8,43,25,46,0,7,0,16,9,3,7,18,6,12,75,19,52,162,1,33,2,0,2,0,2,0,0,0,0,0,2,1,0,1,0,3,3,0,2,1,2,0,2,0,67,36:05.6,10,2,6,1,9,0,2,0,0,62327,18049,19487,6686,58,18,18,6,10190,5850,1762,1915,663,83,8,7,2,28:30.6,27:02.5,11:37.0,17:32.3,288,1,106.54,52.97,1,0,0,29411,29.41,0,16,0,0,2,6.5,1
2024475,Hungary,FALSE,TRUE,2,30,8,4,3,1,50,1,0,4,10,26,48,10,3,0,184,73,110300,27659,30.8,0,2,2,0,0,0,2,0,0,2,0,0,0,0,2,0,0,1,0,1,1,0,1,1,1,0,0,2,2,1,2,6,1,0,0,170,17:47.1,7,2,3,2,1,0,0,1,0,1,0,1,0,1,0,14,251,73,133,45,51,112,21,184,51,112,21,0.699,0.842,0.467,61,36,44,43,1.476,10,3,3,0,6,3,2,14,3,3,8,12,1,22,4,22,12,6,12,10,3,7,80,64,16,157,4,27,2,0,2,0,4,0,0,0,0,0,4,0,4,1,0,1,6,2,1,3,3,2,1,0,50,36:05.6,6,9,1,5,1,0,0,0,2,64561,19298,20202,6239,59,17,18,6,10626,6080,1909,2013,624,82,9,7,2,17:56.2,32:56.7,14:00.6,16:13.8,268,2,110.3,27.65,1,0,0,58528,58.52,1,7,0,3,1,6.7,0
2024465,Hungary,TRUE,FALSE,1,39,5,3,1,0,60,1,0,3,5,19,41,17,1,0,280,81,107118,31008,33.8,0,1,1,0,1,0,0,0,0,1,0,0,0,0,1,0,0,0,1,0,1,0,0,0,0,0,0,2,1,0,1,4,1,0,0,164,17:21.3,6,0,5,1,0,0,0,0,0,1,0,0,0,0,0,22,345,98,208,39,80,187,13,280,80,187,13,0.816,0.899,0.333,65,49,92,74,2.104,14,6,3,0,6,1,2,13,0,5,8,7,0,12,7,18,13,4,3,6,5,1,64,45,19,146,2,30,1,0,1,0,3,0,0,0,0,0,2,2,0,2,3,1,12,2,8,2,11,2,8,1,92,39:56.6,15,10,7,11,4,0,0,0,1,66090,16684,17054,7290,62,15,16,7,10282,6214,1644,1697,727,85,7,6,2,33:21.1,1:17:54,00:20.1,18:09.7,294,1,107.11,31,1,0,1,51177,51.17,0,5,0,1,2,6.2,0
2024465,France,FALSE,TRUE,1,61,16,4,10,1,25,3,1,2,5,4,40,15,1,0,605,89,99947,44297,31.3,0,1,1,0,0,1,0,0,0,1,0,0,0,0,1,0,0,1,0,0,2,0,1,1,1,0,0,2,2,8,2,10,3,2,0,165,04:05.3,26,6,16,4,5,1,3,1,0,1,2,0,0,0,0,19,678,166,454,58,137,420,48,605,137,420,48,0.825,0.925,0.828,158,88,178,181,4.109,80,44,15,0,21,12,6,69,19,30,20,46,0,2,2,11,6,5,1,7,4,3,73,15,58,146,1,21,1,0,1,0,2,0,0,0,0,0,3,0,0,0,1,3,3,0,3,0,3,0,3,0,100,39:56.6,17,4,11,7,10,0,0,0,0,62948,13842,15493,7664,63,13,16,8,9565,5917,1353,1531,764,87,6,5,2,58:00.9,04:18.3,54:33.0,19:04.3,333,0,99.94,44.29,1,0,1,31077,31.07,1,15,0,1,1,5.8,2
2024455,Hungary,TRUE,FALSE,0,35,5,3,2,0,60,0,2,4,11,29,58,10,2,0,256,78,108991,30727,29.7,0,0,3,0,0,0,0,0,0,0,0,0,0,0,0,0,0,0,0,0,0,0,0,0,0,0,0,0,3,1,1,2,3,0,0,194,14:37.3,9,2,3,4,3,0,2,1,0,0,0,0,0,0,0,13,330,114,164,52,85,146,25,256,85,146,25,0.746,0.89,0.481,65,49,81,61,1.701,14,7,5,0,7,1,0,21,3,7,11,13,0,22,7,22,11,11,7,9,2,7,81,52,28,176,0,26,2,1,3,0,4,0,0,0,0,0,4,0,0,0,1,1,10,5,3,2,9,5,3,1,90,36:05.6,15,7,3,8,7,1,0,0,1,63898,18595,18685,7813,59,17,17,7,10449,5972,1839,1858,780,83,8,7,2,15:42.3,30:06.8,08:32.8,20:14.6,347,0,108.99,30.72,1,0,0,56371,56.37,0,5,0,2,2,6.4,0
2024455,Portugal,FALSE,TRUE,3,65,11,7,4,0,64,6,1,3,3,12,52,15,1,0,622,89,105157,50564,28.8,0,3,0,0,1,2,0,0,0,2,0,0,1,0,3,0,0,0,0,2,0,0,0,0,0,0,0,5,2,4,0,9,0,1,0,191,56:23.3,23,5,11,7,4,0,2,2,3,1,2,4,3,0,1,20,702,172,454,76,140,426,56,622,140,426,56,0.814,0.938,0.737,139,111,187,185,3.675,72,36,15,0,19,11,5,68,8,39,21,46,2,11,1,14,11,2,7,17,11,6,84,20,64,179,0,23,0,0,0,0,3,0,0,0,0,0,1,2,0,1,2,1,4,0,4,0,4,0,4,0,100,36:05.6,10,7,8,3,7,0,0,0,2,62920,16292,18030,7915,60,15,17,8,10104,5929,1604,1783,788,84,8,6,2,26:14.2,18:53.7,05:54.4,20:33.7,356,2,105.15,50.56,1,1,0,31981,31.98,1,10,0,0,3,6.4,1
2024477,Italy,TRUE,FALSE,2,52,27,6,12,1,22,4,4,2,7,21,62,10,2,0,611,88,149385,58546,33.1,0,2,1,0,0,2,0,0,0,2,0,0,0,0,2,0,0,0,2,0,9,0,1,1,2,0,0,4,2,9,3,17,4,4,1,263,27:15.2,11,0,9,2,6,0,5,1,0,3,1,3,0,2,1,28,693,206,421,66,179,387,45,611,179,387,45,0.869,0.919,0.682,166,100,170,175,2.635,74,42,16,0,30,26,14,74,14,21,39,46,2,16,5,18,11,6,5,17,4,13,103,40,60,236,5,36,1,0,1,0,2,0,0,0,0,0,4,1,2,1,5,0,8,3,3,2,7,3,3,1,88,09:27.8,22,5,5,13,9,0,0,0,2,81144,25837,29970,12434,54,18,20,8,14354,7618,2543,2964,1229,81,9,8,2,38:45.8,03:11.7,48:25.4,31:37.8,534,2,149.38,58.54,1,0,6,56544,56.54,2,25,0,1,1,6.9,0
2024477,Austria,FALSE,TRUE,1,48,16,3,8,0,19,3,2,4,9,32,54,22,3,0,551,83,145326,50285,31.7,0,1,2,0,0,0,1,0,0,1,0,0,0,0,1,0,0,0,0,1,5,0,0,0,1,0,0,2,1,3,5,11,1,3,0,255,30:11.3,13,2,7,4,3,0,3,0,0,2,1,2,0,2,0,13,666,166,422,78,125,386,40,551,125,386,40,0.753,0.915,0.513,141,98,154,158,2.612,44,24,14,2,16,12,1,49,12,19,18,27,1,30,2,22,13,5,12,7,4,3,101,53,46,237,9,46,2,0,2,0,3,1,1,0,0,0,6,2,3,1,6,4,13,4,9,0,13,4,9,0,100,09:27.8,10,9,13,5,5,0,0,0,4,82276,24587,26607,11856,57,17,18,8,13806,7590,2419,2617,1180,82,9,7,2,00:58.9,57:30.0,36:46.2,30:05.1,518,1,145.32,50.28,1,0,3,61677,61.67,1,15,0,2,2,6.6,0
2024491,Italy,TRUE,FALSE,1,61,20,6,9,0,30,3,5,0,8,21,46,21,5,0,755,90,144564,59901,31.7,0,1,1,0,0,1,0,0,0,1,0,0,0,0,1,0,3,0,0,0,5,0,0,3,3,0,0,4,2,4,5,14,2,1,1,240,29:10.5,19,4,11,4,5,0,4,1,0,2,1,2,0,2,0,22,839,249,542,48,218,508,29,755,218,508,29,0.876,0.937,0.604,162,98,255,240,3.496,66,33,8,1,30,24,7,65,13,20,32,35,1,19,2,25,17,11,3,7,2,5,90,36,53,225,1,43,1,0,1,0,0,0,0,0,0,0,1,0,0,1,4,3,7,3,4,0,7,3,4,0,100,15:42.1,12,10,11,7,5,0,3,0,1,83237,23990,26978,10359,58,16,19,7,13877,7807,2368,2671,1031,83,8,7,2,23:29.1,55:41.3,39:19.2,26:52.4,466,1,144.56,59.9,1,0,2,46255,46.25,3,17,0,0,0,6.3,1
2024491,England,FALSE,TRUE,1,39,6,1,4,0,17,5,1,5,4,25,43,13,1,0,341,78,143299,40153,31.3,0,1,1,0,0,1,0,0,0,1,0,0,0,0,1,0,2,0,0,1,1,0,0,0,0,0,0,1,0,2,2,6,0,0,0,249,46:34.0,14,2,5,6,3,0,0,3,0,1,4,1,0,0,1,28,438,92,272,74,65,238,38,341,65,238,38,0.707,0.875,0.514,87,62,105,87,1.759,37,15,10,0,16,12,5,40,6,10,24,22,3,22,3,12,8,2,5,14,11,3,90,41,47,221,5,43,1,0,1,0,4,1,1,0,0,0,7,1,1,1,2,3,12,1,2,9,8,1,2,5,67,15:42.1,18,6,7,9,9,0,1,0,5,86273,22623,23664,10739,60,16,17,7,13633,8017,2217,2333,1066,85,7,6,2,41:23.7,49:26.9,26:38.8,27:39.8,446,1,143.29,40.15,1,0,0,63207,63.2,0,6,0,5,2,6.2,0
2024489,Italy,TRUE,FALSE,1,35,7,4,2,1,57,1,8,3,4,23,53,17,2,0,319,76,145641,38303,31.7,0,1,1,0,1,0,0,0,0,1,0,0,0,0,1,0,4,0,1,0,1,1,0,1,0,0,0,3,1,1,1,4,1,2,0,229,35:40.4,2,0,1,1,0,0,0,0,0,0,1,0,0,0,0,16,418,120,236,61,93,199,27,319,93,199,27,0.775,0.843,0.443,83,56,93,87,1.825,20,10,3,0,9,6,4,22,1,8,13,14,2,18,5,16,12,5,11,8,3,5,79,50,29,207,5,45,1,0,1,0,2,1,1,0,0,0,6,0,0,2,2,1,17,11,5,1,16,11,5,0,94,03:22.3,18,9,8,16,2,0,0,0,1,78598,25904,29843,11296,54,18,20,8,13978,7345,2559,2952,1122,80,10,8,2,01:19.1,05:11.8,49:36.4,29:13.8,492,0,145.64,38.3,1,0,0,76507,76.5,0,7,0,1,2,6.9,0
2024489,Spain,FALSE,TRUE,1,65,16,4,7,0,25,6,1,3,3,14,49,18,1,0,832,89,142015,68367,32.8,0,1,1,0,0,1,0,0,0,1,0,0,0,0,1,0,2,1,0,0,5,0,0,0,2,0,0,2,2,2,5,12,0,2,1,225,12:25.3,18,1,9,8,1,0,0,1,0,2,4,1,0,0,1,20,932,185,663,84,156,615,61,832,156,615,61,0.843,0.928,0.726,166,148,265,253,4.142,69,33,10,0,32,20,5,67,14,28,25,39,3,12,2,9,6,3,5,16,5,11,99,45,52,198,1,25,1,0,1,0,3,0,0,0,0,0,2,0,2,0,1,2,4,0,4,0,4,0,4,0,100,03:22.3,17,2,16,8,9,0,0,0,8,78743,24198,27304,11770,55,18,19,8,13561,7326,2373,2694,1168,82,9,7,2,15:16.3,56:58.9,40:00.6,30:25.2,515,1,142.01,68.36,1,0,2,43712,43.71,2,14,0,2,1,6.6,1
2024458,Italy,TRUE,FALSE,3,49,13,3,7,0,23,3,2,1,5,11,37,10,0,0,464,85,112422,42088,33.3,0,3,0,0,2,1,0,0,0,3,0,0,0,0,1,2,0,1,0,2,3,0,0,0,0,0,0,1,2,6,1,10,2,1,0,164,04:31.4,8,1,5,2,1,0,1,0,0,1,2,0,0,0,0,9,544,155,324,65,125,300,39,464,125,300,39,0.806,0.926,0.6,127,98,116,123,3.317,30,23,7,1,9,10,11,39,10,12,17,30,2,9,2,13,8,1,8,18,6,12,73,30,43,147,1,19,0,0,0,0,1,0,0,0,0,0,0,1,1,1,1,1,8,2,3,3,7,2,3,2,88,35:05.1,11,1,9,8,3,0,1,0,4,61292,18795,22309,10026,55,16,20,9,10743,5699,1848,2200,996,81,9,8,2,48:18.4,30:48.7,21:58.1,25:39.0,427,3,112.42,42.08,1,0,2,47604,47.6,0,13,0,1,0,7.1,0
2024458,Switzerland,FALSE,TRUE,0,51,6,1,4,0,17,2,4,0,9,16,47,12,2,0,475,87,105983,41261,32.8,0,0,3,0,0,0,0,0,0,0,0,0,0,0,0,0,0,0,0,0,1,0,0,0,0,0,0,1,0,1,3,3,2,1,0,166,03:48.5,11,3,2,6,3,0,1,2,0,0,2,1,0,0,1,7,544,143,351,50,118,331,26,475,118,331,26,0.825,0.943,0.52,108,88,152,127,3.277,28,17,6,0,14,12,2,33,4,17,12,25,1,10,6,18,9,6,10,7,1,6,58,22,34,151,3,23,3,0,1,2,0,0,0,0,0,0,2,0,1,2,1,1,9,1,5,3,7,1,5,1,78,35:05.1,9,3,9,8,1,0,1,0,2,60473,16400,19772,9338,57,15,19,9,10130,5628,1606,1963,933,83,8,7,2,23:14.5,19:15.2,12:22.1,23:59.3,380,0,105.98,41.26,1,0,1,43979,43.97,0,6,0,0,0,6.6,0
2024468,Italy,TRUE,FALSE,1,63,23,6,11,1,26,7,3,1,1,7,22,14,1,0,554,92,101245,44820,30.8,0,1,0,0,1,0,0,0,0,1,0,0,0,0,1,0,0,0,0,1,6,0,1,1,1,0,0,3,3,8,3,13,4,5,0,142,58:41.5,19,2,7,10,8,0,3,3,1,2,4,3,1,2,0,14,603,131,422,51,115,402,38,554,115,402,38,0.878,0.953,0.745,103,84,174,193,4.246,45,30,14,1,22,22,8,57,8,28,21,41,1,6,1,8,7,2,6,10,2,8,46,15,31,129,0,27,0,0,0,0,1,0,0,0,0,0,1,0,0,0,0,0,3,1,1,1,3,1,1,1,100,33:01.2,11,8,6,6,5,0,0,0,0,59174,16804,18279,6988,58,17,18,7,9731,5555,1660,1818,698,84,7,7,2,05:16.2,21:24.4,07:02.4,18:16.8,310,1,101.24,44.82,1,0,2,31632,31.63,1,22,0,1,0,6.3,0
2024468,Wales,FALSE,TRUE,0,37,3,1,2,0,33,1,0,6,3,22,25,12,2,1,210,78,97930,27873,29.7,0,0,1,0,0,0,0,0,0,0,0,0,0,0,0,0,0,0,0,0,0,0,0,0,0,0,0,1,0,2,0,3,0,0,0,148,13:16.9,1,0,1,0,1,0,1,0,0,1,0,1,0,1,0,6,270,56,160,54,43,142,25,210,43,142,25,0.768,0.888,0.463,50,38,59,63,1.824,16,10,8,0,5,5,0,17,6,6,5,8,1,17,5,11,8,2,9,8,1,7,57,37,19,129,6,22,1,0,1,0,6,0,0,0,0,0,6,2,3,1,3,0,12,0,4,8,6,0,4,2,50,33:01.2,14,5,7,6,8,0,1,0,3,56592,17377,17496,6465,58,17,18,7,9795,5550,1785,1796,664,83,8,7,2,26:02.5,24:06.4,04:33.1,16:58.4,298,0,97.93,27.87,1,0,0,46521,46.52,0,3,0,2,3,6.4,1
2024443,Netherlands,TRUE,FALSE,2,47,14,3,7,0,21,2,1,1,10,19,44,13,1,0,393,82,111972,42310,31.3,0,2,0,0,2,0,0,0,0,1,0,0,1,0,2,0,0,1,0,0,4,0,0,0,0,0,0,3,0,5,2,10,1,2,0,192,05:39.3,6,2,2,2,1,0,0,1,0,0,2,1,0,0,1,11,477,134,279,64,111,246,36,393,111,246,36,0.828,0.882,0.563,112,78,111,92,2.484,33,19,7,1,13,10,4,31,5,11,15,20,0,17,2,19,9,5,8,15,8,7,74,39,34,182,1,26,0,0,0,0,1,0,0,0,0,0,1,1,0,0,3,1,9,1,1,7,5,1,1,3,56,35:37.6,9,4,9,6,3,0,0,0,0,60172,19925,22346,9529,54,17,20,9,10799,5650,1977,2222,950,81,9,8,2,58:13.5,36:13.5,22:12.4,24:32.6,411,1,111.97,42.3,1,1,2,45890,45.88,1,13,1,1,0,6.9,1
2024443,Austria,FALSE,TRUE,0,53,8,1,6,0,12,5,0,1,10,13,43,9,2,0,464,83,111885,43346,32.4,0,0,2,0,0,0,0,0,0,0,0,0,0,0,0,0,0,0,0,0,1,0,0,0,0,0,0,1,0,3,3,5,3,0,0,194,02:05.2,20,5,5,10,5,0,0,5,0,0,5,3,0,0,3,9,562,143,354,65,118,310,36,464,118,310,36,0.825,0.876,0.554,106,86,139,133,2.897,37,26,6,0,24,14,4,47,10,25,12,32,3,8,5,18,8,8,7,13,5,8,72,30,41,177,4,26,1,1,2,0,1,0,0,0,0,0,5,0,0,0,2,1,8,2,4,2,8,2,4,2,100,35:37.6,13,3,6,9,4,1,0,0,1,61600,19168,21613,9504,55,17,19,9,10618,5665,1870,2135,948,81,9,8,2,08:32.8,32:43.0,18:55.3,24:37.1,416,0,111.88,43.34,1,0,0,45396,45.39,0,8,0,1,0,6.8,0
2024480,Netherlands,TRUE,FALSE,0,52,7,0,5,0,0,6,4,3,1,7,46,6,2,1,314,73,97399,38065,31.3,0,0,2,0,0,0,0,0,0,0,0,0,0,0,0,0,0,0,0,0,2,0,0,0,0,0,0,0,0,4,1,5,1,1,0,210,09:39.2,19,2,10,7,2,0,1,1,0,4,2,1,0,1,0,11,432,115,238,79,91,183,40,314,91,183,40,0.791,0.769,0.506,94,70,78,72,2.057,43,22,12,0,7,3,6,38,8,17,13,20,2,6,1,2,1,1,1,7,1,6,75,33,42,192,4,28,2,0,2,0,3,0,0,0,0,0,5,0,1,0,1,0,4,0,1,3,1,0,1,0,25,38:25.8,14,3,3,6,8,0,1,0,1,55898,16857,17652,6992,57,18,18,7,9784,5489,1733,1829,733,83,8,7,2,16:28.1,20:31.3,04:22.7,17:42.3,289,0,97.39,38.06,1,0,0,34618,34.61,0,7,0,1,2,6.2,1
2024480,Czech Republic,FALSE,TRUE,2,48,13,5,4,0,38,5,1,0,2,27,46,14,1,0,304,76,109513,37988,31,0,2,0,0,0,1,1,0,0,2,0,0,0,0,2,0,0,0,1,1,4,0,0,0,1,0,0,3,2,3,1,11,0,1,0,205,11:34.4,12,0,6,6,5,0,2,3,1,3,1,4,1,2,1,9,402,107,226,69,88,180,36,304,88,180,36,0.822,0.796,0.522,94,49,83,78,1.961,29,18,7,1,10,5,2,36,5,24,7,18,1,22,5,8,6,1,6,2,1,1,79,42,35,194,2,23,0,0,0,0,0,0,0,0,0,0,1,1,0,0,0,2,7,0,2,3,2,0,2,0,29,38:25.8,5,8,6,3,2,0,0,0,4,60161,19820,21024,8508,55,18,19,8,10523,5621,1959,2093,850,81,9,8,2,30:10.0,34:05.8,15:53.0,21:37.5,320,2,109.51,37.98,1,0,1,43223,43.22,1,12,0,0,0,7,0
2024441,Netherlands,TRUE,FALSE,3,63,15,7,4,0,47,5,2,3,5,9,43,8,0,0,617,90,84035,38280,29.7,0,3,2,0,1,1,1,0,0,3,0,0,0,0,3,0,0,0,1,2,4,0,0,0,0,0,0,5,2,2,2,14,1,0,0,169,55:00.5,14,2,3,9,3,0,0,3,1,2,2,3,1,1,1,16,688,180,445,60,168,406,42,617,168,406,42,0.933,0.912,0.7,142,113,181,180,4.071,59,42,11,0,32,32,5,49,10,15,24,28,0,4,5,7,2,2,3,8,3,5,64,16,48,157,1,24,2,0,1,1,3,0,0,0,0,0,4,0,0,0,0,1,3,2,1,0,3,2,1,0,100,36:05.7,8,2,6,5,3,0,1,0,1,46243,14640,16590,6562,55,17,20,8,8119,4356,1454,1654,655,82,8,8,2,51:07.8,50:35.1,43:30.8,12:11.3,195,1,84.03,38.27,1,0,3,25803,25.8,0,15,1,1,2,5.6,1
2024441,Ukraine,FALSE,TRUE,2,37,8,5,2,0,62,1,1,4,9,27,43,8,1,0,360,85,84426,24742,30.6,0,2,3,0,0,1,1,0,0,2,0,0,0,0,1,1,0,1,1,0,1,0,0,0,0,0,0,2,3,2,0,8,0,0,0,165,11:29.6,5,0,4,1,2,0,1,1,0,0,1,1,0,0,1,7,424,104,276,42,93,241,26,360,93,241,26,0.894,0.873,0.619,82,68,99,111,2.57,19,22,5,0,15,14,3,14,5,7,2,10,1,15,12,12,3,4,5,5,2,3,71,45,24,151,4,20,3,0,3,0,4,0,0,0,0,0,7,1,0,1,0,1,9,2,3,3,7,2,3,2,78,36:05.7,7,3,5,5,2,0,0,0,2,47487,14125,15838,6976,56,17,19,8,8114,4446,1398,1576,694,82,9,7,2,43:58.6,48:01.0,40:59.7,12:44.4,210,2,84.42,24.74,1,0,1,40908,40.9,0,8,0,2,2,4.8,0
2024445,North Macedonia,TRUE,FALSE,0,43,12,1,7,1,8,5,3,3,5,20,58,8,4,0,362,82,109286,39511,31.3,0,0,3,0,0,0,0,0,0,0,0,0,0,0,0,0,0,0,0,0,4,0,1,1,1,0,0,0,1,4,3,9,1,1,1,197,08:27.2,18,3,8,7,5,0,1,4,2,0,3,4,2,0,2,23,441,116,260,65,96,223,43,362,96,223,43,0.828,0.858,0.662,88,66,118,90,2.239,19,18,7,0,23,16,4,37,6,10,21,18,5,10,10,16,11,2,10,7,3,4,95,58,37,179,4,26,3,0,3,0,3,0,0,0,0,0,7,0,0,1,1,2,8,0,5,3,7,0,5,2,88,36:00.1,12,3,5,9,3,0,0,0,2,60384,18470,20287,10145,55,17,19,9,10568,5730,1818,2006,1014,82,8,7,3,13:41.8,29:20.1,14:09.5,26:05.0,418,0,109.28,39.51,1,0,2,47151,47.15,1,11,0,3,1,6.9,0
2024445,Netherlands,FALSE,TRUE,3,57,17,6,7,1,35,7,2,1,4,16,68,13,0,0,525,85,110987,46528,33.6,0,3,0,0,1,2,0,0,0,3,0,0,0,0,3,0,0,1,1,0,4,1,0,1,0,0,0,5,1,3,4,14,3,0,0,196,59:36.8,17,2,4,11,4,0,1,1,0,0,7,1,0,0,1,24,619,173,395,51,131,360,34,525,131,360,34,0.757,0.911,0.667,146,95,147,137,3.158,48,33,13,3,19,16,13,49,8,14,27,30,1,12,4,7,3,3,4,11,2,9,88,35,53,184,4,22,0,0,0,0,0,1,1,0,0,0,2,1,1,0,0,0,10,1,8,1,10,1,8,1,100,36:00.1,8,3,10,5,3,0,1,0,3,59876,18521,21821,10769,54,16,20,10,10702,5624,1829,2172,1077,81,8,8,3,04:53.8,29:30.3,19:42.9,27:31.4,458,3,110.98,46.52,1,0,2,41778,41.77,0,17,0,0,1,6.8,2
2024454,Poland,TRUE,FALSE,1,56,17,3,10,0,18,5,0,1,3,9,35,15,2,1,472,85,104791,40657,31.5,1,1,2,0,0,1,0,0,0,1,0,0,0,0,1,0,0,1,0,0,4,0,0,0,1,0,0,2,1,5,5,13,1,2,0,182,04:30.3,31,6,17,8,6,0,3,1,0,3,2,1,0,1,0,10,554,137,375,42,106,335,31,472,106,335,31,0.774,0.893,0.738,117,65,135,155,3.044,57,31,14,1,20,14,5,69,9,36,24,37,2,4,5,10,7,3,6,12,4,8,69,12,57,165,4,31,2,0,2,0,1,0,0,0,0,0,1,1,3,0,0,0,6,1,4,1,5,1,4,0,83,35:57.4,13,5,10,4,9,0,0,0,1,60413,18023,18885,7470,58,17,18,7,10409,5861,1842,1939,767,83,8,7,2,59:22.3,27:18.5,09:24.2,19:30.1,335,1,104.79,40.65,1,0,2,36908,36.9,1,16,0,1,0,6.5,0
2024454,Slovakia,FALSE,TRUE,2,44,11,2,5,1,18,2,1,2,4,30,39,13,1,0,352,83,109387,35134,30.6,0,1,1,1,1,0,0,0,0,1,0,0,0,0,1,0,0,0,0,1,4,0,1,1,0,0,0,2,0,1,4,5,2,4,0,181,11:00.0,9,1,3,5,6,0,2,3,0,1,1,1,0,1,0,12,422,96,266,60,79,240,33,352,79,240,33,0.823,0.902,0.55,84,68,106,94,2.331,19,3,5,1,3,9,5,21,3,8,10,14,0,22,8,13,9,4,8,9,3,6,69,50,19,164,4,29,1,0,1,0,2,0,0,0,0,0,5,0,0,2,1,0,15,0,4,11,7,0,4,3,47,35:57.4,15,9,4,10,5,0,0,0,0,61421,20447,20780,6739,56,19,19,6,10535,5771,2026,2065,673,81,10,7,2,09:37.4,38:51.9,16:18.2,17:45.2,310,2,109.38,35.13,1,0,2,45275,45.27,0,11,0,1,1,6.8,0
2024476,Portugal,TRUE,FALSE,2,49,10,5,5,0,50,0,0,3,5,6,31,9,0,0,500,91,102281,36879,31.7,0,2,2,0,2,0,0,0,0,0,0,0,2,0,2,0,0,0,0,0,0,0,0,0,0,0,0,4,1,2,3,6,1,1,0,127,09:23.2,11,2,6,3,2,0,1,1,0,0,0,0,0,0,0,10,552,137,366,49,121,351,28,500,121,351,28,0.883,0.959,0.571,109,83,156,152,4.346,28,12,3,1,15,5,2,26,5,11,10,21,3,4,2,10,5,5,2,9,3,6,53,24,28,107,1,15,1,1,2,0,3,0,0,0,0,0,3,0,1,0,2,2,6,1,5,0,6,1,5,0,100,40:18.1,14,4,5,7,7,1,2,0,2,65272,15634,15070,6305,64,15,15,6,9787,6120,1545,1493,629,86,7,5,2,33:21.4,15:37.4,55:16.7,16:19.3,281,0,102.28,36.87,1,2,0,42627,42.62,2,8,0,1,2,6,0
2024476,France,FALSE,TRUE,2,51,11,5,5,0,45,1,2,3,4,11,29,15,4,0,555,93,99295,38459,33.7,0,2,2,0,2,0,0,0,0,1,0,0,1,0,2,0,0,0,0,1,1,0,0,1,0,0,0,3,2,2,3,6,2,2,0,125,07:59.6,7,1,3,3,1,0,0,1,0,1,0,0,0,0,0,10,594,169,379,46,151,367,37,555,151,367,37,0.893,0.968,0.804,110,81,182,182,4.752,42,23,7,0,13,6,2,31,4,14,13,26,0,9,2,13,9,3,6,7,5,2,46,20,24,114,0,24,0,2,2,0,3,0,0,0,0,0,3,0,0,0,2,0,8,2,6,0,8,2,6,0,100,40:18.1,7,8,7,4,3,2,1,0,0,62090,14447,16012,6746,63,14,16,7,9468,5782,1424,1590,672,87,6,5,2,36:02.5,09:42.8,58:33.6,17:25.5,315,1,99.29,38.45,1,1,1,39478,39.47,1,10,0,2,1,5.6,1
2024466,Portugal,TRUE,FALSE,2,44,8,2,3,1,25,5,2,5,4,22,29,5,0,0,373,86,103330,34856,32.8,2,2,4,0,1,1,0,0,0,2,0,0,0,0,2,0,0,0,1,1,3,0,1,1,1,0,0,2,0,1,2,6,1,0,0,142,11:28.6,18,5,6,7,6,0,2,3,0,3,2,3,0,3,0,10,434,107,270,57,87,246,40,373,87,246,40,0.813,0.911,0.702,95,71,109,98,3.056,33,16,11,6,9,6,4,37,2,23,12,18,1,17,4,9,5,2,6,19,7,12,50,28,22,121,2,26,4,0,4,0,5,0,0,0,0,0,4,2,1,0,0,3,7,6,1,0,7,6,1,0,100,37:08.8,15,3,2,7,8,0,0,0,1,61779,16761,17321,7469,60,16,17,7,9899,5786,1652,1716,745,84,8,6,2,14:44:39,21:08.7,03:24.5,19:20.3,333,2,103.32,34.85,1,0,1,44432,44.43,1,7,0,3,2,6.2,0
2024466,Germany,FALSE,TRUE,4,56,13,7,4,1,54,3,1,0,13,25,35,15,2,0,545,91,105881,42135,30.8,0,2,2,2,1,0,1,0,0,2,0,0,0,0,2,0,0,1,0,1,2,1,0,1,0,0,0,5,2,3,1,9,3,1,0,137,04:33.0,19,2,11,6,5,0,3,2,0,1,2,1,0,0,1,9,600,148,394,58,128,373,44,546,128,373,44,0.865,0.947,0.759,118,96,166,165,4.38,50,27,18,4,7,5,3,42,8,22,12,28,2,21,4,20,7,7,12,8,2,6,62,26,33,128,3,14,2,0,2,0,0,0,0,0,0,0,3,0,0,0,2,1,5,0,4,1,5,0,4,1,100,37:08.8,5,8,7,2,3,0,0,0,2,61721,17928,18934,7298,58,17,18,7,10115,5774,1747,1868,726,83,8,7,2,35:30.6,26:35.6,09:26.6,18:52.4,332,4,105.88,42.13,1,0,0,38913,38.91,0,13,0,0,0,6.3,0
2024452,Scotland,TRUE,FALSE,0,56,19,5,3,1,26,6,1,5,2,18,50,6,0,0,373,77,109602,44491,32.2,0,0,2,0,0,0,0,0,0,0,0,0,0,0,0,0,0,0,0,0,11,1,0,1,0,0,0,4,1,2,1,16,2,1,0,235,04:38.6,25,1,9,15,9,0,3,6,0,0,6,2,0,0,2,21,483,98,297,88,67,263,43,373,67,263,43,0.684,0.886,0.489,85,70,119,99,2.055,39,20,12,4,12,11,4,44,11,17,16,20,2,12,6,8,6,1,3,10,3,7,101,41,57,224,0,35,2,0,1,1,5,0,0,0,0,0,4,1,0,0,2,0,9,0,1,8,4,0,1,3,44,35:58.5,6,4,2,1,5,0,0,0,2,61363,18995,20380,8864,56,17,19,8,10394,5681,1843,1998,872,82,9,7,2,04:49.5,31:31.9,14:34.6,22:48.2,396,0,109.6,44.49,1,0,3,37234,37.23,0,19,0,4,1,6.7,2
2024452,Czech Republic,FALSE,TRUE,2,44,10,7,3,0,70,6,2,6,5,38,57,6,0,0,257,72,116931,37442,32.4,0,2,0,0,0,1,1,0,0,2,0,0,0,0,1,1,0,0,1,0,0,0,0,0,0,0,0,5,2,2,1,7,3,0,0,234,11:43.0,18,2,6,10,6,0,2,2,0,1,5,1,0,1,0,8,357,122,166,68,90,130,37,257,90,130,37,0.738,0.783,0.544,85,52,58,62,1.526,28,10,8,0,8,7,4,40,3,22,15,14,5,26,12,11,6,3,7,4,1,3,88,49,36,226,11,37,0,0,0,0,6,0,0,0,0,0,13,2,1,1,1,1,5,0,0,5,2,0,0,2,40,35:58.5,6,5,1,2,4,0,0,0,1,61847,20779,24899,9406,53,18,21,8,11232,5752,2058,2485,937,79,10,9,2,38:58.5,39:59.1,30:44.3,24:27.5,432,1,116.93,37.44,1,0,0,49879,49.87,0,10,0,4,1,7.2,3
2024473,Slovakia,TRUE,FALSE,0,38,3,0,2,0,0,0,1,6,7,24,33,14,2,0,296,82,100735,28057,29.9,2,0,5,0,0,0,0,0,0,0,0,0,0,0,0,0,0,0,0,0,1,0,0,0,0,0,0,0,0,1,1,2,1,0,0,175,16:11.1,0,0,0,0,0,0,0,0,0,0,0,0,0,0,0,8,362,100,209,53,78,190,28,296,78,190,28,0.78,0.909,0.528,75,63,81,77,2.069,12,4,1,0,4,3,0,6,1,1,4,6,6,18,6,17,10,3,12,6,1,5,70,48,21,164,3,29,5,0,5,0,5,1,0,0,1,0,6,1,1,0,6,4,9,0,3,6,5,0,3,2,56,38:39.4,7,9,5,6,1,1,0,0,0,60518,17674,17563,4980,60,18,17,5,9711,5720,1754,1743,494,84,9,6,1,40:36.2,25:24.4,04:35.4,13:10.3,240,0,100.73,28.05,1,0,1,51352,51.35,0,3,0,5,1,6.2,0
2024473,Spain,FALSE,TRUE,5,62,17,9,5,1,53,7,0,0,4,1,43,7,2,0,612,89,107449,50240,30.6,0,3,0,2,0,1,1,1,0,3,0,0,0,0,3,0,0,0,1,2,3,1,0,1,0,0,0,8,1,2,3,11,3,2,0,173,01:41.7,23,3,14,6,5,0,3,2,3,2,2,5,3,1,1,16,688,166,476,46,140,439,33,612,140,439,33,0.843,0.922,0.717,129,111,180,192,3.977,54,32,10,2,15,11,11,58,11,33,14,37,0,1,0,9,5,1,5,15,3,12,62,15,44,157,1,21,0,0,0,0,0,0,0,0,0,0,1,0,0,0,1,2,2,0,2,0,2,0,2,0,100,38:39.4,14,1,6,5,9,0,0,0,1,63805,18322,19112,6210,59,17,18,6,10279,5957,1807,1894,621,83,8,7,2,39:38.7,28:29.8,10:07.7,0:16:19,274,5,107.44,50.24,1,0,0,32573,32.57,1,16,0,0,0,6.3,1
2024463,Spain,TRUE,FALSE,1,69,11,5,6,1,45,7,1,1,2,10,38,16,2,0,661,87,109786,51680,33.3,0,1,1,0,1,0,0,0,0,1,0,0,0,0,1,0,0,1,0,0,0,0,1,1,1,0,0,5,0,4,2,7,1,1,0,203,57:15.0,25,5,15,5,3,0,3,0,3,2,2,4,3,1,0,5,758,230,455,73,189,413,59,661,189,413,59,0.822,0.908,0.808,167,131,183,180,3.734,68,28,17,4,30,16,2,71,8,29,34,51,0,7,3,6,4,2,2,20,9,11,75,28,46,181,0,28,1,0,1,0,1,0,0,0,0,0,1,0,0,0,1,0,4,1,3,0,4,1,3,0,100,36:17.0,18,5,11,10,8,0,2,0,2,62183,19646,20650,7307,57,17,19,7,10479,5781,1936,2039,723,82,9,7,2,17:54.8,35:12.8,15:49.7,19:02.4,315,1,109.78,51.68,1,0,0,28883,28.88,2,9,0,1,0,6.6,3
2024463,Poland,FALSE,TRUE,1,31,5,2,3,2,40,1,2,4,7,34,51,18,4,0,150,64,108421,25225,31.7,0,1,1,0,0,0,1,0,0,1,0,0,0,0,1,0,0,0,0,1,0,1,1,2,0,0,0,2,0,1,2,5,0,0,0,197,18:40.8,9,1,3,5,3,0,2,1,0,0,1,0,0,0,0,7,236,88,93,55,58,66,26,150,58,66,26,0.659,0.71,0.473,48,37,36,29,1.198,19,1,7,1,7,6,1,20,3,13,4,7,1,28,6,25,18,9,11,4,2,2,73,42,29,178,0,24,1,0,1,0,4,0,0,0,0,0,2,1,1,1,2,2,6,0,0,6,1,0,0,1,17,36:17.0,14,8,10,9,5,1,0,0,1,63121,19324,19090,6886,58,18,18,6,10423,5928,1916,1894,685,83,8,7,2,24:29.5,33:33.9,10:21.2,18:03.8,318,1,108.42,25.22,1,0,0,54518,54.51,0,5,0,4,0,6.7,2
2024453,Spain,TRUE,FALSE,0,75,17,5,8,0,29,6,2,0,1,6,31,7,0,0,852,89,110652,62427,29,0,0,0,0,0,0,0,0,0,0,0,0,0,0,0,0,0,0,0,0,4,0,0,0,0,0,0,3,2,5,3,17,0,0,0,176,48:12.1,33,3,20,10,9,0,7,2,2,1,3,5,2,1,2,11,954,233,638,83,195,590,67,852,195,590,67,0.837,0.925,0.807,171,153,274,254,5.42,96,46,17,1,25,18,3,80,5,33,42,58,0,3,3,6,5,0,2,11,2,9,67,14,52,163,2,20,0,0,0,0,0,0,0,0,0,0,2,0,0,1,2,0,4,0,4,0,4,0,4,0,100,37:12.9,11,1,6,4,7,0,1,0,1,68001,18944,18187,5520,61,18,16,5,10553,6352,1863,1791,547,84,9,6,1,44:07.8,31:45.4,07:11.3,14:31.0,263,0,110.65,62.42,1,0,2,24506,24.5,0,17,0,0,0,6.7,3
2024453,Sweden,FALSE,TRUE,0,25,4,0,2,0,0,1,1,5,7,43,39,11,1,0,103,59,113516,22777,31,0,0,0,0,0,0,0,0,0,0,0,0,0,0,0,0,0,0,0,0,2,0,0,1,0,0,0,0,0,1,1,4,0,0,0,176,21:15.1,5,0,2,3,1,0,0,1,0,1,0,0,0,0,0,11,176,56,72,48,34,54,15,103,34,54,15,0.607,0.75,0.313,35,21,23,24,1,8,3,2,1,3,1,1,12,1,9,2,6,1,27,16,16,9,3,9,2,0,2,57,35,22,166,4,27,0,0,0,0,5,0,0,0,0,0,10,0,0,2,2,3,11,0,0,11,4,0,0,4,36,37:12.9,6,7,4,5,1,0,0,0,2,68796,21268,19064,4388,61,18,17,4,10875,6434,2110,1896,435,82,10,7,1,33:00.4,43:06.0,10:44.4,11:33.3,198,0,113.51,22.77,1,0,1,67696,67.69,0,4,0,3,2,6.9,1
2024474,Sweden,TRUE,FALSE,3,39,12,4,5,0,33,6,0,5,1,48,40,13,1,0,136,58,109556,29582,32,0,3,2,0,2,1,0,0,0,3,0,0,0,0,3,0,0,1,0,2,3,0,0,0,0,0,0,4,0,3,2,9,2,1,0,233,17:55.5,13,0,5,8,4,0,0,3,0,2,4,1,0,0,1,11,235,66,105,64,46,71,19,136,46,71,19,0.697,0.676,0.297,51,29,19,37,1.009,19,12,7,0,12,5,6,29,3,16,10,11,0,34,14,4,3,1,3,14,5,9,82,49,32,216,6,34,2,0,2,0,5,0,0,0,0,0,9,0,1,0,3,4,11,0,0,11,4,0,0,4,36,38:02.9,13,8,5,9,4,0,1,0,1,65512,18645,18100,7299,60,16,17,7,10478,6137,1830,1788,723,83,9,6,2,43:22.9,30:19.7,06:23.4,18:51.3,307,2,109.55,29.58,1,0,3,48108,48.1,0,12,0,0,4,6.5,0
2024474,Poland,FALSE,TRUE,2,61,18,6,6,2,33,10,1,1,6,21,41,13,2,0,396,78,106797,45094,31.5,0,2,3,0,1,1,0,0,0,2,0,0,0,0,2,0,0,0,2,0,6,2,0,2,0,0,0,2,4,5,1,15,1,2,0,230,06:52.5,45,4,25,15,9,0,6,3,1,4,5,3,1,1,1,10,509,125,315,69,98,265,33,396,98,265,33,0.784,0.841,0.478,101,63,102,130,2.213,38,19,12,1,21,11,4,64,12,31,21,39,2,16,4,14,8,5,9,4,1,3,79,32,43,213,3,29,3,0,3,0,1,0,0,0,0,0,2,1,1,1,1,0,4,0,0,4,2,0,0,2,50,38:02.9,12,4,9,5,7,0,0,0,0,63169,17751,17916,7961,59,17,17,7,10258,5955,1745,1770,788,84,8,6,2,53:36.5,25:53.0,05:52.8,20:35.2,335,2,106.79,45.09,1,0,3,30184,30.18,0,18,0,1,0,6.4,1
2024464,Sweden,TRUE,FALSE,1,43,13,4,6,0,31,7,1,0,6,26,32,16,1,0,367,83,108991,35950,31.5,0,1,0,0,1,0,0,0,0,0,0,0,1,0,1,0,0,0,0,0,3,0,0,0,0,0,0,3,1,5,1,11,1,0,0,167,09:38.7,20,2,7,11,5,0,2,3,0,2,5,2,0,0,2,17,441,105,282,54,85,256,26,367,85,256,26,0.81,0.908,0.481,89,68,91,119,2.641,37,25,11,2,16,16,2,48,10,17,21,22,1,15,10,11,5,4,1,5,2,3,57,22,35,156,5,24,0,0,0,0,0,0,0,0,0,0,4,1,0,1,0,2,8,0,2,6,4,0,2,2,50,36:04.9,6,3,13,3,3,0,0,0,3,65930,19691,17553,5817,60,19,16,5,10466,6200,1947,1738,581,83,10,6,1,29:14.0,35:32.2,04:53.1,15:16.9,275,0,108.99,35.94,1,1,2,48600,48.6,1,12,0,0,0,6.7,0
2024464,Slovakia,FALSE,TRUE,0,57,10,0,5,0,0,6,3,3,4,26,33,7,3,0,543,88,105624,44592,30.8,0,0,1,0,0,0,0,0,0,0,0,0,0,0,0,0,0,0,0,0,5,0,0,0,0,0,0,0,0,2,3,9,1,0,0,172,01:16.7,23,3,13,7,8,0,3,5,0,1,5,4,0,1,3,19,619,129,422,68,105,392,46,543,105,392,46,0.814,0.929,0.676,120,100,162,161,3.599,23,19,13,1,12,13,2,35,2,16,17,27,0,15,11,11,7,2,3,5,4,1,63,33,30,153,3,18,0,1,1,0,3,0,0,0,0,0,5,1,0,1,1,0,4,1,1,2,4,1,1,2,100,36:04.9,15,4,3,12,3,1,0,0,1,62129,18902,18818,5775,59,18,18,5,10148,5851,1864,1860,573,83,9,7,1,30:23.8,1:31:34,09:17.9,15:19.3,271,0,105.62,44.59,1,0,1,37379,37.37,0,10,0,2,1,6.4,0
2024483,Sweden,TRUE,FALSE,1,46,13,3,7,2,23,6,2,2,2,19,43,11,2,1,566,84,144237,53049,30.2,0,1,2,0,0,1,0,0,0,1,0,0,0,0,0,1,0,1,0,0,3,1,1,2,1,0,0,1,2,5,2,8,2,2,1,217,32:13.3,19,1,12,6,1,0,1,0,0,2,4,0,0,0,0,13,670,162,437,71,135,389,42,566,135,389,42,0.833,0.89,0.592,127,87,171,181,3.088,57,39,13,0,19,17,5,52,14,19,19,34,1,16,3,5,3,2,3,17,3,14,83,34,47,202,3,28,2,0,2,0,2,0,0,0,0,0,3,0,1,0,1,2,7,0,4,3,4,0,4,0,57,11:51.8,7,5,6,4,3,0,0,0,3,82022,26795,26336,9084,57,19,18,6,14054,7796,2690,2658,910,81,10,7,2,12:10.6,09:38.1,36:54.0,23:53.8,404,1,144.23,53.04,1,0,0,67228,67.22,1,12,0,2,0,6.2,1
2024483,Ukraine,FALSE,TRUE,2,54,15,4,8,1,27,2,3,2,5,42,49,7,2,0,682,89,142740,61601,29.9,0,2,1,0,0,1,1,0,0,2,0,0,0,0,2,0,0,0,1,1,3,0,1,1,1,0,0,4,0,5,3,10,2,2,0,220,24:42.2,21,1,12,8,7,0,2,5,0,2,0,1,0,1,0,10,769,157,513,99,141,475,66,682,141,475,66,0.898,0.926,0.667,123,138,207,214,3.495,59,29,13,0,22,14,6,57,7,24,26,45,2,39,3,18,13,3,14,5,2,3,77,48,29,204,3,32,1,0,0,1,1,1,1,0,0,0,1,1,2,1,3,6,7,0,3,4,4,0,3,1,57,11:51.8,11,3,4,6,5,0,0,0,2,81184,25902,26397,9257,57,19,18,6,13767,7648,2575,2628,916,82,9,7,2,30:15.4,04:52.0,36:50.4,0:24:02,395,2,142.74,61.6,1,0,2,56965,56.96,1,14,0,1,1,6.2,2
2024485,Switzerland,TRUE,FALSE,1,34,9,2,5,0,22,9,4,10,9,32,58,15,2,1,284,73,140414,38860,31.7,1,1,1,0,1,0,0,0,0,1,0,0,0,0,1,0,1,0,0,1,2,0,0,0,0,0,1,2,0,4,1,8,0,0,0,236,38:58.2,14,4,2,8,5,0,0,5,0,2,7,6,0,1,5,6,388,101,202,85,68,168,48,284,68,168,48,0.673,0.832,0.565,87,56,71,70,1.644,19,10,8,1,8,5,0,33,2,21,10,15,3,22,10,21,12,4,13,7,3,4,102,68,32,218,9,23,1,0,1,0,10,0,0,0,0,0,15,1,3,2,2,3,10,2,0,8,8,2,0,6,80,07:24.5,13,10,5,11,2,0,0,0,2,80286,24361,25730,10037,57,18,18,7,14028,7844,2505,2644,1035,82,9,7,2,13:30.5,57:55.4,34:22.0,26:08.1,460,1,140.41,38.86,1,0,2,70883,70.88,1,8,0,7,3,6.7,0
2024485,Spain,FALSE,TRUE,1,66,27,10,8,0,37,13,2,1,4,15,53,14,1,0,911,91,147223,69091,31.7,0,0,1,1,0,0,0,0,0,0,0,0,0,0,0,0,3,0,0,0,9,0,0,0,1,0,0,7,3,7,1,22,1,3,0,235,11:36.0,30,5,16,9,13,1,7,5,3,3,7,8,3,2,3,12,1003,206,709,88,177,661,73,911,177,661,73,0.859,0.932,0.83,197,157,263,294,4.268,111,55,28,3,16,24,8,93,22,30,41,60,0,12,3,9,5,3,3,15,4,11,89,25,59,213,2,36,1,0,1,0,1,0,0,0,0,0,3,0,0,0,4,3,7,0,7,0,7,0,7,0,100,07:24.5,15,2,12,5,10,0,1,0,4,83729,24059,27622,11813,57,16,19,8,14060,7789,2360,2734,1177,82,9,7,2,57:28.7,1:56:24,41:03.1,30:40.8,512,1,147.22,69.09,1,0,2,45735,45.73,1,26,0,1,0,6.8,2
2024467,Switzerland,TRUE,FALSE,3,49,23,10,8,1,43,8,0,5,7,21,41,14,1,0,433,89,106456,39772,32.2,0,3,1,0,1,2,0,0,0,3,0,0,0,0,1,2,0,0,2,1,5,0,1,1,1,0,0,6,4,4,4,15,4,3,0,185,06:15.3,21,1,10,10,2,0,2,0,0,1,7,0,0,0,0,6,487,156,284,47,135,267,31,433,135,267,31,0.865,0.94,0.66,124,90,103,116,2.632,48,19,16,1,18,16,13,52,12,16,24,31,0,21,0,14,7,3,11,16,4,12,58,31,25,162,4,28,1,0,0,1,5,0,0,0,0,0,7,1,1,0,1,2,10,4,2,4,8,4,2,2,80,34:39.8,20,4,10,6,14,0,1,0,1,60741,17329,19883,8503,57,16,19,8,10214,5674,1712,1979,849,83,8,7,2,06:35.6,23:28.4,12:47.4,21:46.5,333,3,106.45,39.77,1,0,2,40357,40.35,1,22,0,3,2,6.7,1
2024467,Turkey,FALSE,TRUE,1,51,19,6,9,0,32,8,1,7,5,24,35,20,3,0,434,87,102849,37568,32.4,0,1,3,0,0,1,0,0,0,1,0,0,0,0,0,1,0,0,0,1,4,0,0,0,0,0,0,3,3,3,6,14,2,3,0,186,04:49.1,18,2,5,11,10,1,2,4,1,0,7,2,1,0,1,10,499,147,305,47,126,279,29,434,126,279,29,0.857,0.915,0.617,121,76,109,128,2.683,40,32,9,0,10,7,5,36,8,12,16,23,1,22,2,16,11,4,12,14,3,11,77,35,41,168,5,16,3,0,1,2,7,0,0,0,0,0,8,3,1,1,0,6,8,1,3,4,5,1,3,1,62,34:39.8,13,14,6,9,4,0,0,0,0,60093,16885,17726,8145,58,17,17,8,9943,5699,1667,1763,814,84,8,6,2,14:24.1,20:51.7,04:19.9,20:39.0,322,1,102.84,37.56,1,0,2,40664,40.66,0,19,0,5,2,6.5,0
2024447,Turkey,TRUE,FALSE,0,39,3,0,1,0,0,2,2,6,5,31,41,10,2,0,301,80,105753,30945,32,1,0,3,0,0,0,0,0,0,0,0,0,0,0,0,0,0,0,0,0,2,0,0,0,0,0,0,0,0,1,0,2,1,0,0,175,10:58.4,11,4,4,3,3,0,1,2,0,1,1,1,0,0,1,12,375,107,202,66,89,181,31,301,89,181,31,0.832,0.896,0.47,76,53,91,81,2.143,13,8,5,0,3,2,1,14,0,8,6,10,2,24,7,14,9,3,6,3,2,1,71,50,20,159,5,23,3,0,3,0,6,0,0,0,0,0,6,4,1,0,4,1,11,1,2,8,5,1,2,2,45,34:00.2,8,6,4,5,3,0,0,0,4,61728,18126,18607,7292,58,17,18,7,10193,5828,1792,1846,727,83,8,7,2,07:20.7,27:45.6,08:25.9,18:47.4,337,0,105.75,30.94,1,0,0,51572,51.57,0,3,0,5,2,6.6,0
2024447,Italy,FALSE,TRUE,3,61,24,8,11,0,33,8,4,0,2,6,29,8,0,0,555,87,111277,50896,33.8,0,2,0,1,2,0,0,0,0,2,0,0,0,0,2,0,0,0,0,1,5,0,0,0,0,0,0,6,2,7,4,15,6,3,0,175,57:45.7,22,3,10,9,6,0,2,4,1,2,5,3,1,0,2,20,640,181,402,57,150,371,34,555,150,371,34,0.829,0.923,0.596,157,101,146,151,3.657,58,45,14,1,17,13,9,73,10,33,30,48,0,6,0,5,3,2,1,9,3,6,65,19,46,162,2,36,0,0,0,0,0,0,0,0,0,0,1,1,0,1,2,3,1,0,1,0,1,0,1,0,100,34:00.2,10,3,5,4,6,0,0,0,2,62415,19336,20969,8557,56,17,19,8,10651,5821,1910,2070,850,81,9,8,2,47:43.0,33:17.4,1:17:07,22:02.5,368,3,111.27,50.89,1,0,3,35340,35.34,0,24,0,0,0,6.9,0
2024457,Turkey,TRUE,FALSE,0,56,17,5,5,0,29,10,1,5,1,13,32,18,2,0,452,84,103358,37658,32,0,0,2,0,0,0,0,0,0,0,0,0,0,0,0,0,0,0,0,0,7,0,0,0,0,0,0,3,2,4,1,13,2,2,0,189,07:16.3,26,3,9,14,10,0,3,2,0,3,7,1,0,0,1,5,535,122,337,76,94,308,50,452,94,308,50,0.77,0.914,0.658,122,68,116,146,2.831,55,32,19,1,13,11,2,46,12,19,15,22,2,11,2,11,10,1,8,10,3,7,78,32,45,178,4,28,2,0,2,0,5,0,0,0,0,0,7,2,0,2,0,1,15,1,8,6,13,1,8,4,87,37:35.9,8,3,15,4,4,1,1,0,0,61487,16454,17438,7979,59,16,17,8,9939,5792,1621,1729,797,84,8,6,2,36:05.3,19:30.9,04:15.1,20:19.2,311,0,103.35,37.65,1,0,3,29750,29.75,0,17,0,6,0,6.2,1
2024457,Wales,FALSE,TRUE,2,44,16,7,5,0,44,7,0,5,5,30,42,8,2,0,243,77,107503,30289,32.8,0,2,0,0,2,0,0,0,0,2,0,0,0,0,2,0,0,1,0,1,4,0,0,0,0,0,0,7,0,4,1,13,2,0,0,193,14:00.6,17,2,7,8,6,0,3,1,3,1,3,3,3,0,0,12,314,62,171,81,44,153,46,243,44,153,46,0.71,0.895,0.568,69,46,69,59,1.627,33,16,16,4,12,12,8,42,6,13,23,17,1,24,6,11,6,3,7,9,1,8,70,34,36,173,7,29,0,0,0,0,5,0,0,0,0,0,10,2,0,0,1,1,10,2,0,8,5,2,0,3,50,37:35.9,17,4,4,14,3,0,0,0,1,62575,17392,19310,8226,58,16,18,8,10353,5888,1726,1918,821,83,8,7,2,15:46.6,24:16.6,10:57.8,20:53.0,301,2,107.5,30.28,1,0,0,38621,38.62,1,15,0,3,2,6.4,3
2024446,Ukraine,TRUE,FALSE,0,51,5,1,2,0,20,4,1,3,7,16,43,10,0,0,398,81,107692,38218,31.3,0,0,1,0,0,0,0,0,0,0,0,0,0,0,0,0,0,0,0,0,2,0,0,0,0,0,0,1,0,2,0,4,1,0,0,200,07:50.3,17,3,8,6,2,0,1,1,2,0,1,2,2,0,0,12,493,118,316,59,85,279,34,398,85,279,34,0.72,0.883,0.576,94,55,130,119,2.465,31,21,4,0,14,3,4,34,2,19,13,19,1,10,6,13,6,2,8,10,4,6,94,48,46,185,6,39,1,0,1,0,3,0,0,0,0,0,7,2,0,1,4,0,11,1,4,6,8,1,4,3,73,36:34.2,10,5,5,5,5,0,1,0,2,61032,18034,20124,8502,57,16,19,8,10368,5748,1779,1996,845,82,9,7,2,50:30.9,18:47.7,06:42.3,19:59.5,346,0,107.69,38.21,1,0,1,41290,41.29,0,5,0,2,1,6.6,0
2024446,Austria,FALSE,TRUE,1,49,18,4,8,0,22,9,2,2,9,25,58,11,0,0,382,79,107010,36194,31,0,1,0,0,1,0,0,0,0,1,0,0,0,0,1,0,0,0,1,0,6,0,0,0,0,0,0,3,1,6,2,14,3,1,0,196,09:02.9,19,3,10,6,9,0,4,5,0,2,7,8,0,2,6,20,482,149,278,55,109,238,35,382,109,238,35,0.732,0.856,0.636,94,69,94,125,2.459,34,25,14,0,15,8,8,50,8,21,21,31,0,21,4,14,5,4,6,10,2,8,86,41,43,184,2,27,0,0,0,0,2,0,0,0,0,0,2,1,0,1,0,1,5,1,1,3,3,1,1,1,60,36:34.2,9,5,6,4,5,0,1,0,1,62227,18354,18873,7556,58,17,18,7,10202,5752,1821,1877,752,83,8,7,2,50:50.5,20:23.3,02:40.2,17:30.9,322,1,107.01,36.19,1,0,3,42047,42.04,0,18,0,1,0,6.6,1
2024487,Ukraine,TRUE,FALSE,0,49,7,2,1,0,29,3,0,2,4,19,28,10,0,0,538,90,105276,41852,31.5,0,0,4,0,0,0,0,0,0,0,0,0,0,0,0,0,0,0,0,0,4,0,0,0,0,0,0,1,1,0,1,4,2,1,0,143,01:52.2,7,1,2,4,1,0,0,1,0,0,3,0,0,0,0,11,599,156,405,38,128,386,24,538,128,386,24,0.821,0.953,0.632,83,103,173,179,4.189,35,15,6,0,5,6,5,27,3,8,16,23,0,13,6,11,7,2,8,4,2,2,55,33,22,132,2,16,4,0,4,0,2,0,0,0,0,0,3,1,0,0,0,0,5,1,3,1,4,1,3,0,80,33:31.8,4,4,6,2,2,0,2,0,2,59684,20302,18969,6321,57,19,18,6,10180,5640,2020,1891,629,82,9,7,2,57:19.3,38:26.5,10:05.2,16:30.0,292,0,105.27,41.85,1,0,2,48074,48.07,0,7,0,0,2,6.6,0
2024487,England,FALSE,TRUE,4,51,10,6,2,0,60,2,2,2,3,21,31,4,0,0,571,92,105991,41907,33.5,0,4,0,0,1,0,3,0,0,4,0,0,0,0,4,0,0,0,3,1,2,0,0,0,0,0,0,4,2,2,0,9,1,0,0,146,00:22.3,9,1,5,3,5,0,2,3,0,1,1,2,0,1,1,17,621,165,410,46,141,398,32,571,141,398,32,0.855,0.971,0.696,107,112,185,167,4.253,51,16,9,1,13,6,4,45,3,20,22,23,0,15,6,4,1,2,2,10,2,8,47,21,25,135,4,22,0,0,0,0,2,0,0,0,0,0,3,2,1,0,1,0,2,1,0,1,1,1,0,0,50,33:31.8,8,2,2,4,4,0,0,0,0,62793,17843,18559,6796,59,17,18,6,10126,5848,1763,1840,675,83,8,7,2,03:13.6,26:19.0,08:06.0,17:47.8,316,4,105.99,41.9,1,0,0,45528,45.52,0,10,0,1,1,6.7,0
2024444,Ukraine,TRUE,FALSE,2,52,17,8,6,0,47,5,3,4,6,13,50,9,1,0,407,88,106932,39061,30.8,0,2,1,0,2,0,0,0,0,2,0,0,0,0,2,0,0,0,1,1,3,0,0,0,2,0,0,6,2,3,3,9,0,5,1,163,07:29.6,12,3,6,3,6,0,3,1,0,2,3,2,0,1,1,21,464,126,296,42,102,281,24,407,102,281,24,0.81,0.949,0.571,99,68,124,116,2.847,36,19,15,3,19,15,6,45,7,19,19,24,3,11,2,13,7,3,4,5,1,4,69,31,37,151,2,28,1,0,1,0,3,1,0,0,1,0,3,2,0,0,2,0,7,0,3,4,5,0,3,2,71,36:01.3,8,4,5,2,6,1,0,1,1,60835,17564,20136,8397,57,16,19,8,10296,5712,1743,2003,838,83,8,7,2,20:27.2,24:51.9,13:51.5,0:21:42,385,2,106.93,39.06,1,0,1,39149,39.14,3,14,0,2,2,6.7,3
2024444,North Macedonia,FALSE,TRUE,1,48,13,5,6,0,38,5,1,7,4,9,34,9,2,0,354,85,103238,34410,31.3,0,1,2,0,0,1,0,0,0,1,0,0,0,0,1,0,0,0,0,0,2,0,0,2,0,0,0,3,2,2,4,7,2,3,0,162,09:53.2,14,3,5,6,3,1,1,1,0,3,2,3,0,3,0,13,418,111,252,55,86,229,39,354,86,229,39,0.775,0.909,0.709,82,65,100,107,2.58,29,21,2,0,8,2,3,28,3,10,15,16,1,8,1,12,8,1,4,7,3,4,83,40,40,148,3,30,2,0,2,0,5,2,1,0,1,0,5,0,1,2,1,2,7,0,4,3,6,0,4,2,86,36:01.3,8,7,2,4,4,1,1,0,3,60878,17003,17616,7741,59,16,17,8,9915,5739,1663,1739,774,84,8,6,2,30:23.5,22:09.2,04:25.1,19:56.4,352,0,103.23,34.41,1,0,2,39765,39.76,1,12,0,4,2,6.4,1
2024478,Wales,TRUE,FALSE,0,48,11,1,5,0,9,1,0,4,6,32,40,11,4,1,338,83,101448,34785,31.7,0,0,4,0,0,0,0,0,0,0,0,0,0,0,0,0,0,0,0,0,5,0,0,0,0,0,0,0,1,2,3,8,1,2,0,165,12:54.2,18,3,7,8,6,0,1,5,1,0,0,1,1,0,0,10,406,96,250,60,77,223,38,338,77,223,38,0.802,0.892,0.633,75,49,112,102,2.461,31,17,7,1,12,7,3,31,3,19,9,20,2,20,12,13,7,3,5,5,4,1,74,39,31,150,3,28,4,0,3,1,4,0,0,0,0,0,7,1,0,0,1,0,7,0,4,3,5,0,4,1,71,38:22.9,9,6,5,7,2,0,0,0,1,55900,16716,20928,7904,55,16,21,8,9838,5303,1662,2086,787,83,8,7,2,40:02.2,20:24.9,16:23.4,20:28.9,355,0,101.44,34.78,1,0,1,41398,41.39,0,11,1,4,1,6,0
2024478,Denmark,FALSE,TRUE,4,52,16,8,5,1,50,9,1,1,4,23,43,9,0,0,370,84,100789,37351,31.5,0,4,0,0,2,2,0,0,0,4,0,0,0,0,3,1,0,0,2,2,3,0,1,1,1,0,0,6,2,3,2,14,1,0,0,166,10:16.0,26,4,8,14,7,0,1,6,2,0,7,5,2,0,3,20,442,103,272,68,88,241,42,370,88,241,42,0.854,0.886,0.618,94,70,104,102,2.663,31,15,16,2,16,16,7,47,8,24,15,26,3,18,5,6,2,4,1,8,3,5,68,33,32,154,5,22,0,0,0,0,1,0,0,0,0,0,4,1,1,0,0,1,4,0,0,4,2,0,0,2,50,38:22.9,11,2,7,5,6,0,0,0,0,59267,16617,17548,7357,59,17,17,7,9726,5605,1639,1746,736,85,7,6,2,54:30.4,20:02.6,04:05.0,18:59.3,304,3,100.78,37.35,1,0,3,36061,36.06,1,15,1,0,1,5.9,1
2024448,Wales,TRUE,FALSE,1,38,9,2,3,1,22,4,0,3,4,21,29,6,1,0,245,79,90283,25064,33.5,0,1,1,0,0,0,1,0,0,1,0,0,0,0,1,0,0,0,0,1,4,1,0,1,0,0,0,2,0,2,1,9,0,0,0,150,17:00.8,14,0,5,9,4,0,0,2,0,1,3,1,0,1,0,11,309,62,181,66,46,155,44,245,46,155,44,0.742,0.856,0.667,67,35,72,71,2.06,21,7,9,0,12,7,2,24,4,7,13,10,1,15,6,8,4,3,3,11,4,7,68,40,28,135,6,20,1,0,1,0,3,0,0,0,0,0,9,0,0,0,3,1,9,3,1,5,8,3,1,4,89,37:27.9,9,2,4,5,4,0,0,0,4,51969,14561,16504,7249,58,16,18,8,8707,4900,1440,1642,725,84,7,7,2,54:01.5,10:05.2,00:07.0,18:34.7,288,1,90.28,25.06,1,0,1,42230,42.23,0,9,0,3,0,5.7,0
2024448,Switzerland,FALSE,TRUE,1,62,18,4,8,0,22,12,4,1,6,12,32,9,2,0,464,88,87266,38481,32,0,1,1,0,0,0,1,0,0,1,0,0,0,0,1,0,0,0,0,1,6,0,0,0,0,0,0,4,0,7,1,17,1,0,0,151,04:03.0,26,1,12,13,10,0,3,4,1,5,6,5,1,2,2,15,528,83,383,61,65,356,43,464,65,356,43,0.783,0.93,0.705,96,72,143,153,3.497,40,19,18,3,15,5,6,40,6,21,13,24,2,9,3,13,7,4,7,6,3,3,52,21,31,143,5,25,1,0,1,0,1,0,0,0,0,0,6,0,0,0,1,1,8,0,5,3,5,0,5,0,62,37:27.9,6,4,5,4,2,0,0,0,0,52295,13698,15448,5825,60,15,18,7,8343,4868,1355,1537,583,85,7,6,2,01:50.6,05:40.7,56:09.3,14:48.6,256,1,87.26,38.48,1,0,4,26058,26.05,0,18,0,1,0,5.5,1
